Date,x,y,hr,zScore,numUnits,cum rets
2022-02-28 00:00:00-05:00,60.47334289550781,64.72341918945312,-0.9906980792908231,3.152,-1.0,0.9908467297159503
2022-03-01 00:00:00-05:00,59.8477897644043,65.14976501464844,-0.9977885619332487,3.153,-1.0,0.9858675171669368
2022-03-02 00:00:00-05:00,60.286617279052734,66.58586120605469,-1.005840673842218,3.005,-1.0,0.9818368143304893
2022-03-03 00:00:00-05:00,61.99522018432617,67.1423568725586,-1.0122751258760656,1.642,-1.0,0.9938538198087127
2022-03-04 00:00:00-05:00,63.09693908691406,68.17902374267578,-1.0177476142381296,1.245,-1.0,0.9970553797528834
2022-03-07 00:00:00-05:00,64.63748931884766,68.5919189453125,-1.0212762890794433,0.207,-1.0,1.0073305133386998
2022-03-08 00:00:00-05:00,63.321022033691406,68.83875274658203,-1.025831715759375,1.108,-1.0,0.9975928413805649
2022-03-09 00:00:00-05:00,62.66746520996094,68.34957885742188,-1.0305174250864177,0.967,-1.0,0.9984382226003323
2022-03-10 00:00:00-05:00,64.0586166381836,69.68693542480469,-1.034791584150794,0.655,-1.0,1.00115966382638
2022-03-11 00:00:00-05:00,64.13330841064453,69.20675659179688,-1.0380267074936964,0.066,-1.0,1.0067934458912817
2022-03-14 00:00:00-04:00,64.10530090332031,69.09905242919922,-1.040679792271133,-0.174,-1.0,1.0086247137975815
2022-03-15 00:00:00-04:00,64.10530090332031,69.5657730102539,-1.0435132691579516,0.017,-1.0,1.0065356134211842
2022-03-16 00:00:00-04:00,63.97458267211914,69.27855682373047,-1.0460178186192006,-0.244,0.0,1.008819343845177
2022-03-17 00:00:00-04:00,63.87188720703125,69.93378448486328,-1.049104826091826,0.174,0.0,1.008819343845177
2022-03-18 00:00:00-04:00,63.51708984375,70.14022827148438,-1.0527528695095703,0.411,0.0,1.008819343845177
2022-03-21 00:00:00-04:00,64.32003784179688,71.46861267089844,-1.0568106640612158,0.552,0.0,1.008819343845177
2022-03-22 00:00:00-04:00,64.25467681884766,70.96598815917969,-1.0601955975111672,-0.042,0.0,1.008819343845177
2022-03-23 00:00:00-04:00,64.22666931152344,71.54490661621094,-1.0638437074385947,0.249,0.0,1.008819343845177
2022-03-24 00:00:00-04:00,64.70284271240234,72.3326187133789,-1.0676017233838861,0.23,0.0,1.008819343845177
2022-03-25 00:00:00-04:00,66.2247085571289,73.97178649902344,-1.071125212031165,-0.045,0.0,1.008819343845177
2022-03-28 00:00:00-04:00,66.29006958007812,74.27229309082031,-1.074577955824208,-0.077,0.0,1.008819343845177
2022-03-29 00:00:00-04:00,67.27973937988281,75.10099029541016,-1.0774956185483142,-0.554,0.0,1.008819343845177
2022-03-30 00:00:00-04:00,67.69056701660156,76.32125091552734,-1.080907953026669,-0.016,0.0,1.008819343845177
2022-03-31 00:00:00-04:00,67.69990539550781,76.54891967773438,-1.0844105803540571,-0.059,0.0,1.008819343845177
2022-04-01 00:00:00-04:00,69.2031021118164,77.55973815917969,-1.086993011883727,-0.985,0.0,1.008819343845177
2022-04-04 00:00:00-04:00,68.26944732666016,75.92967224121094,-1.0884937604819802,-1.735,1.0,1.008819343845177
2022-04-05 00:00:00-04:00,69.41783142089844,75.1419677734375,-1.08743618793817,-3.183,1.0,0.9957787381700183
2022-04-06 00:00:00-04:00,71.4345474243164,76.64453887939453,-1.0851341723991286,-3.023,1.0,0.9923664824212849
2022-04-07 00:00:00-04:00,70.73430633544922,76.51703643798828,-1.0834095988984043,-2.186,1.0,0.997291937093282
2022-04-08 00:00:00-04:00,71.41587829589844,77.30929565429688,-1.0820104473028211,-1.897,1.0,0.9982866145468621
2022-04-11 00:00:00-04:00,69.53922271728516,76.60810089111328,-1.0822043593098973,-0.971,1.0,1.0069514979122223
2022-04-12 00:00:00-04:00,70.52890014648438,77.2364501953125,-1.0822717971248195,-1.209,1.0,1.0040378664247942
2022-04-13 00:00:00-04:00,70.36083221435547,77.59616088867188,-1.0828772755147444,-0.848,1.0,1.007282611893752
2022-04-14 00:00:00-04:00,70.94905090332031,77.97407531738281,-1.083282902779725,-0.977,1.0,1.00542360891335
2022-04-18 00:00:00-04:00,70.79967498779297,77.91487884521484,-1.083720791301435,-0.879,1.0,1.0058867273245404
2022-04-19 00:00:00-04:00,71.2104721069336,77.52786254882812,-1.0832600160001495,-1.347,1.0,1.000718255728843
2022-04-20 00:00:00-04:00,71.42520904541016,78.62062072753906,-1.0835373478451447,-0.751,1.0,1.0061045788880578
2022-04-21 00:00:00-04:00,71.38786315917969,77.6007080078125,-1.0829322304299167,-1.369,1.0,1.0000607114180027
2022-04-22 00:00:00-04:00,70.87435913085938,76.60355377197266,-1.0817219237201798,-1.535,1.0,0.9977426799169115
2022-04-25 00:00:00-04:00,69.99671936035156,75.30132293701172,-1.0801033526197048,-1.588,1.0,0.9961550985613529
2022-04-26 00:00:00-04:00,68.84831237792969,74.87332153320312,-1.0793600277396525,-0.918,1.0,1.001943689618388
2022-04-27 00:00:00-04:00,68.60555267333984,74.5318374633789,-1.0787763148962952,-0.894,1.0,1.001678357003833
2022-04-28 00:00:00-04:00,70.56624603271484,75.35596466064453,-1.0769246056894377,-1.636,1.0,0.9940116875280799
2022-04-29 00:00:00-04:00,68.52153015136719,73.4709243774414,-1.0752639424641506,-1.242,1.0,0.996939018524773
2022-05-02 00:00:00-04:00,68.35346984863281,72.69688415527344,-1.0731425881381422,-1.457,1.0,0.9938693204409758
2022-05-03 00:00:00-04:00,68.26944732666016,73.1658706665039,-1.071653834183677,-0.94,1.0,0.9983851697429403
2022-05-04 00:00:00-04:00,69.62324523925781,74.90519714355469,-1.070709947180817,-0.653,1.0,1.0007554385822137
2022-05-05 00:00:00-04:00,69.1470718383789,73.36166381835938,-1.0688748304845295,-1.21,1.0,0.9945981138185962
2022-05-06 00:00:00-04:00,69.71661376953125,75.08275604248047,-1.0681392091563178,-0.359,1.0,1.0023788542819798
2022-05-09 00:00:00-04:00,69.30580139160156,73.77599334716797,-1.0667910901341984,-0.867,1.0,0.9971353284690575
2022-05-10 00:00:00-04:00,68.34412384033203,72.18692016601562,-1.0648185478175587,-1.121,1.0,0.9941803790040284
2022-05-11 00:00:00-04:00,69.07239532470703,72.31442260742188,-1.0621734513794325,-1.401,1.0,0.9909866167489275
2022-05-12 00:00:00-04:00,69.16575622558594,71.9228286743164,-1.0590603430940668,-1.539,1.0,0.9890893087541304
2022-05-13 00:00:00-04:00,69.40132904052734,73.33433532714844,-1.0572836489385278,-0.493,1.0,0.9978502318250053
2022-05-16 00:00:00-04:00,69.96672058105469,73.53922271728516,-1.0555177675683947,-0.674,1.0,0.9960228467090548
2022-05-17 00:00:00-04:00,69.87248992919922,74.60469055175781,-1.055099083020902,0.439,0.0,1.004073867522026
2022-05-18 00:00:00-04:00,69.56153106689453,74.11749267578125,-1.05483782053553,0.417,0.0,1.004073867522026
2022-05-19 00:00:00-04:00,69.09979248046875,73.71224212646484,-1.0547149507413989,0.67,0.0,1.004073867522026
2022-05-20 00:00:00-04:00,69.17517852783203,72.90177917480469,-1.0537029811616005,-0.25,0.0,1.004073867522026
2022-05-23 00:00:00-04:00,69.87248992919922,74.57736206054688,-1.053551875106392,1.075,0.0,1.004073867522026
2022-05-24 00:00:00-04:00,71.32364654541016,75.63370513916016,-1.053106914300098,0.436,0.0,1.004073867522026
2022-05-25 00:00:00-04:00,71.32364654541016,75.92057037353516,-1.0529303858769437,0.801,0.0,1.004073867522026
2022-05-26 00:00:00-04:00,70.94672393798828,75.05999755859375,-1.0523436894435136,0.182,0.0,1.004073867522026
2022-05-27 00:00:00-04:00,71.68173217773438,75.87958526611328,-1.0517607054730511,0.288,0.0,1.004073867522026
2022-05-31 00:00:00-04:00,71.2953872680664,74.60923767089844,-1.0503281102233915,-0.75,0.0,1.004073867522026
2022-06-01 00:00:00-04:00,71.19173431396484,74.45442199707031,-1.048773411928377,-0.613,0.0,1.004073867522026
2022-06-02 00:00:00-04:00,71.56864166259766,74.17668914794922,-1.046613500880312,-1.318,0.0,1.004073867522026
2022-06-03 00:00:00-04:00,70.91844940185547,72.96552276611328,-1.0439379489722376,-1.715,1.0,1.004073867522026
2022-06-06 00:00:00-04:00,71.00326538085938,73.3844223022461,-1.0416908488655559,-0.933,1.0,1.0073987092627856
2022-06-07 00:00:00-04:00,71.32364654541016,74.53638458251953,-1.0405452836637223,0.459,0.0,1.0134485831163202
2022-06-08 00:00:00-04:00,70.32479095458984,72.60126495361328,-1.0387944491812142,-0.692,0.0,1.0134485831163202
2022-06-09 00:00:00-04:00,68.68516540527344,70.6479263305664,-1.0367811533479951,-0.828,0.0,1.0134485831163202
2022-06-10 00:00:00-04:00,67.97843933105469,70.42028045654297,-1.0353728133110138,0.137,0.0,1.0134485831163202
2022-06-13 00:00:00-04:00,64.78400421142578,67.00534057617188,-1.0340758027775627,0.085,0.0,1.0134485831163202
2022-06-14 00:00:00-04:00,62.927650451660156,65.93988037109375,-1.0337742052714352,1.453,0.0,1.0134485831163202
2022-06-15 00:00:00-04:00,62.729759216308594,65.90345764160156,-1.033884960853025,1.633,-1.0,1.0134485831163202
2022-06-16 00:00:00-04:00,62.45649337768555,64.63766479492188,-1.0330426364785028,0.17,-1.0,1.020654173207566
2022-06-17 00:00:00-04:00,61.61782455444336,63.513023376464844,-1.0317636216055266,-0.117,-1.0,1.0220661914705478
2022-06-21 00:00:00-04:00,63.27629852294922,65.02924346923828,-1.0302560889407528,-0.3,0.0,1.0228306047818003
2022-06-22 00:00:00-04:00,63.785152435302734,65.31153869628906,-1.028535155855787,-0.494,0.0,1.0228306047818003
2022-06-23 00:00:00-04:00,65.28341674804688,66.63653564453125,-1.026648672398719,-0.606,0.0,1.0228306047818003
2022-06-24 00:00:00-04:00,65.80169677734375,68.04348754882812,-1.0257909933849918,0.815,0.0,1.0228306047818003
2022-06-27 00:00:00-04:00,66.310546875,68.603515625,-1.0252698950393648,0.93,0.0,1.0228306047818003
2022-06-28 00:00:00-04:00,66.54612731933594,68.84941101074219,-1.0248676159683372,0.93,0.0,1.0228306047818003
2022-06-29 00:00:00-04:00,66.5932388305664,68.43960571289062,-1.0240311188885163,0.267,0.0,1.0228306047818003
2022-06-30 00:00:00-04:00,67.19632720947266,68.42140197753906,-1.0224755053295675,-0.639,0.0,1.0228306047818003
2022-07-01 00:00:00-04:00,68.9207534790039,69.91941833496094,-1.020587432443425,-0.984,0.0,1.0228306047818003
2022-07-05 00:00:00-04:00,66.73458099365234,66.92794036865234,-1.017953286586011,-1.876,1.0,1.0228306047818003
2022-07-06 00:00:00-04:00,67.34709167480469,68.20451354980469,-1.0160341842485001,-0.552,1.0,1.0285563130198767
2022-07-07 00:00:00-04:00,67.17747497558594,68.3062744140625,-1.0147087582182819,0.108,1.0,1.0312171988497103
2022-07-08 00:00:00-04:00,67.083251953125,68.11663818359375,-1.0135132488984488,0.118,1.0,1.0311155970796912
2022-07-11 00:00:00-04:00,67.6297836303711,68.69940948486328,-1.0124641407668353,0.339,0.0,1.0318431876909901
2022-07-12 00:00:00-04:00,67.82767486572266,67.92237091064453,-1.0104843510077854,-1.158,0.0,1.0318431876909901
2022-07-13 00:00:00-04:00,67.0926742553711,67.86686706542969,-1.0091689492279774,0.299,0.0,1.0318431876909901
2022-07-14 00:00:00-04:00,67.71458435058594,68.45890808105469,-1.0080603752654218,0.396,0.0,1.0318431876909901
2022-07-15 00:00:00-04:00,68.15748596191406,69.95287322998047,-1.0081928148864192,2.257,-1.0,1.0318431876909901
2022-07-18 00:00:00-04:00,67.55440521240234,69.08332061767578,-1.0083178386910818,1.669,-1.0,1.0338109542056724
2022-07-19 00:00:00-04:00,67.6109390258789,70.1147689819336,-1.0094670392295773,2.794,-1.0,1.0273299748628102
2022-07-20 00:00:00-04:00,66.84767150878906,70.66055297851562,-1.0121629003183217,3.486,-1.0,1.019116738902331
2022-07-21 00:00:00-04:00,66.76284790039062,70.99356079101562,-1.0154624752534729,3.048,-1.0,1.017685973551785
2022-07-22 00:00:00-04:00,67.78997802734375,71.34046173095703,-1.017923938991479,1.964,-1.0,1.02383489684672
2022-07-25 00:00:00-04:00,68.49671936035156,73.20445251464844,-1.0212310466159276,2.534,-1.0,1.0174218963321857
2022-07-26 00:00:00-04:00,69.26941680908203,73.85662078857422,-1.024337026621126,2.011,-1.0,1.0198532151489175
2022-07-27 00:00:00-04:00,69.03382873535156,73.98149108886719,-1.027552157818014,1.942,-1.0,1.0188578956093794
2022-07-28 00:00:00-04:00,71.4649887084961,75.66047668457031,-1.0296831514448543,1.085,-1.0,1.0253669108904182
2022-07-29 00:00:00-04:00,72.45442199707031,76.68729400634766,-1.0314118645152353,0.934,-1.0,1.0261411824203561
2022-08-01 00:00:00-04:00,72.25653839111328,76.48841094970703,-1.0329188492664463,0.803,-1.0,1.0268271976589383
2022-08-02 00:00:00-04:00,71.5498046875,75.71598052978516,-1.034214421534692,0.654,-1.0,1.0277297849981852
2022-08-03 00:00:00-04:00,72.80307006835938,76.11839294433594,-1.0344315361075929,-0.079,-1.0,1.0337361921047608
2022-08-04 00:00:00-04:00,73.47212982177734,74.67066192626953,-1.0321750220912902,-1.56,1.0,1.0468521255483123
2022-08-05 00:00:00-04:00,72.81250762939453,73.9074935913086,-1.0294805231276274,-1.407,1.0,1.0476170417825204
2022-08-08 00:00:00-04:00,72.73710632324219,74.44866180419922,-1.02754199634211,-0.823,1.0,1.0527098753227053
2022-08-09 00:00:00-04:00,73.7359619140625,75.18407440185547,-1.0256159412405852,-0.925,1.0,1.0517223076684974
2022-08-10 00:00:00-04:00,73.7736587524414,75.6142349243164,-1.0242474170432276,-0.566,1.0,1.0549798138482125
2022-08-11 00:00:00-04:00,73.40616607666016,75.80387115478516,-1.0236843548256964,-0.133,1.0,1.0590035135251707
2022-08-12 00:00:00-04:00,74.26171875,76.95093536376953,-1.023611744267666,0.069,1.0,1.060812022092006
2022-08-15 00:00:00-04:00,74.4993667602539,77.48284149169922,-1.023941988578687,0.258,0.0,1.0625292031508153
2022-08-16 00:00:00-04:00,75.16478729248047,78.19051361083984,-1.024356590782927,0.242,0.0,1.0625292031508153
2022-08-17 00:00:00-04:00,75.33589172363281,78.44027709960938,-1.0248312426612491,0.25,0.0,1.0625292031508153
2022-08-18 00:00:00-04:00,75.7826919555664,78.83343505859375,-1.0252149142718137,0.148,0.0,1.0625292031508153
2022-08-19 00:00:00-04:00,76.20095825195312,78.65766906738281,-1.0249389398529631,-0.332,0.0,1.0625292031508153
2022-08-22 00:00:00-04:00,75.20281982421875,77.78349304199219,-1.0247006827708016,-0.25,0.0,1.0625292031508153
2022-08-23 00:00:00-04:00,74.89862060546875,77.84361267089844,-1.0248626195349848,0.013,0.0,1.0625292031508153
2022-08-24 00:00:00-04:00,74.97467803955078,77.90374755859375,-1.0250750728284137,-0.037,0.0,1.0625292031508153
2022-08-25 00:00:00-04:00,75.21232604980469,78.0147476196289,-1.0251483087394222,-0.175,0.0,1.0625292031508153
2022-08-26 00:00:00-04:00,74.33775329589844,77.02955627441406,-1.02509906528641,-0.264,0.0,1.0625292031508153
2022-08-29 00:00:00-04:00,74.79405975341797,77.83898162841797,-1.0253713246667873,-0.035,0.0,1.0625292031508153
2022-08-30 00:00:00-04:00,73.7483901977539,76.80755615234375,-1.0257285016672388,-0.049,0.0,1.0625292031508153
2022-08-31 00:00:00-04:00,73.26356506347656,76.30339813232422,-1.026069623802464,-0.103,0.0,1.0625292031508153
2022-09-01 00:00:00-04:00,74.87960052490234,77.70948791503906,-1.026129780926954,-0.326,0.0,1.0625292031508153
2022-09-02 00:00:00-04:00,74.02405548095703,77.14982604980469,-1.0264477432936723,-0.064,0.0,1.0625292031508153
2022-09-06 00:00:00-04:00,73.93850708007812,77.62623596191406,-1.027358899784145,0.394,0.0,1.0625292031508153
2022-09-07 00:00:00-04:00,75.81121063232422,80.24414825439453,-1.0290143961467935,0.959,0.0,1.0625292031508153
2022-09-08 00:00:00-04:00,75.4880142211914,79.98974609375,-1.0307686551898232,0.977,0.0,1.0625292031508153
2022-09-09 00:00:00-04:00,75.59256744384766,80.36902618408203,-1.032679090118749,1.103,0.0,1.0625292031508153
2022-09-12 00:00:00-04:00,76.19145965576172,81.24320220947266,-1.0347283165774388,1.279,0.0,1.0625292031508153
2022-09-13 00:00:00-04:00,74.36627960205078,79.01382446289062,-1.036308964851991,0.874,0.0,1.0625292031508153
2022-09-14 00:00:00-04:00,75.50700378417969,80.34127044677734,-1.0378237090778306,0.992,0.0,1.0625292031508153
2022-09-15 00:00:00-04:00,73.47270202636719,79.03695678710938,-1.0400160322247085,1.656,-1.0,1.0625292031508153
2022-09-16 00:00:00-04:00,73.43467712402344,77.90837860107422,-1.0410987490479366,0.398,-1.0,1.0700993773597038
2022-09-19 00:00:00-04:00,74.40431213378906,79.98512268066406,-1.042946462793293,1.382,-1.0,1.0641991877709864
2022-09-20 00:00:00-04:00,73.40616607666016,78.1026382446289,-1.0439704288472107,0.397,-1.0,1.0701230449698043
2022-09-21 00:00:00-04:00,72.3699951171875,76.90006256103516,-1.0446360837792426,0.197,-1.0,1.0712313523524042
2022-09-22 00:00:00-04:00,72.18938446044922,77.00324249267578,-1.0454754069896168,0.403,-1.0,1.0697146354864056
2022-09-23 00:00:00-04:00,71.28630065917969,75.87297821044922,-1.0461040825941401,0.045,-1.0,1.0712495951248613
2022-09-26 00:00:00-04:00,69.53717803955078,73.73907470703125,-1.0463414222467669,-0.485,0.0,1.0734383047171674
2022-09-27 00:00:00-04:00,68.17780303955078,72.29459381103516,-1.046461485452546,-0.661,0.0,1.0734383047171674
2022-09-28 00:00:00-04:00,68.93829345703125,73.621826171875,-1.0470885491866766,0.092,0.0,1.0734383047171674
2022-09-29 00:00:00-04:00,65.953369140625,71.04239654541016,-1.0483360641894188,0.875,0.0,1.0734383047171674
2022-09-30 00:00:00-04:00,64.64152526855469,70.32014465332031,-1.0503066044101066,1.698,-1.0,1.0734383047171674
2022-10-03 00:00:00-04:00,66.28609466552734,72.74950408935547,-1.0530321379737502,2.315,-1.0,1.0697807172156908
2022-10-04 00:00:00-04:00,67.19867706298828,73.92668151855469,-1.055965026097216,2.108,-1.0,1.0696488023547843
2022-10-05 00:00:00-04:00,65.33547973632812,72.00382232666016,-1.058797089575686,1.744,-1.0,1.0706434288643414
2022-10-06 00:00:00-04:00,62.483642578125,69.83709716796875,-1.062322902056543,2.345,-1.0,1.0660001327954565
2022-10-07 00:00:00-04:00,60.95315933227539,68.95539093017578,-1.0665793819347908,2.622,-1.0,1.0623819575194091
2022-10-10 00:00:00-04:00,60.82958221435547,69.19927215576172,-1.0711548732314347,2.431,-1.0,1.0616573158527711
2022-10-11 00:00:00-04:00,60.496864318847656,68.92256927490234,-1.0756250619421486,2.012,-1.0,1.063080828515609
2022-10-12 00:00:00-04:00,58.462562561035156,65.9866943359375,-1.079018652049751,0.946,-1.0,1.070411231374503
2022-10-13 00:00:00-04:00,60.886619567871094,67.0794448852539,-1.0803366968483967,-0.788,0.0,1.0824775696322382
2022-10-14 00:00:00-04:00,60.373287200927734,66.36188507080078,-1.0809153146834363,-1.021,0.0,1.0824775696322382
2022-10-17 00:00:00-04:00,61.10525894165039,67.94237518310547,-1.082141622327636,-0.266,0.0,1.0824775696322382
2022-10-18 00:00:00-04:00,62.16044235229492,68.19562530517578,-1.0824768706036476,-1.253,0.0,1.0824775696322382
2022-10-19 00:00:00-04:00,61.49501419067383,67.41242218017578,-1.082510330325466,-1.301,0.0,1.0824775696322382
2022-10-20 00:00:00-04:00,60.36378479003906,65.53646850585938,-1.0817572916034306,-1.876,1.0,1.0824775696322382
2022-10-21 00:00:00-04:00,61.31439208984375,66.72769927978516,-1.0810416960637812,-1.591,1.0,1.0840321818421348
2022-10-24 00:00:00-04:00,61.39994430541992,67.60002136230469,-1.0812384455062862,-0.787,1.0,1.0897622185301494
2022-10-25 00:00:00-04:00,62.474143981933594,68.57551574707031,-1.0814381323276723,-0.939,1.0,1.0883045234923359
2022-10-26 00:00:00-04:00,62.39808654785156,69.18988800048828,-1.0823918276929476,-0.287,1.0,1.0929642122562586
2022-10-27 00:00:00-04:00,61.9513053894043,70.34829711914062,-1.0852733959346335,1.132,0.0,1.1036013611337157
2022-10-28 00:00:00-04:00,63.06351852416992,71.46917724609375,-1.0883329976145424,0.838,0.0,1.1036013611337157
2022-10-31 00:00:00-04:00,62.245994567871094,70.78914642333984,-1.0914555663691539,0.819,0.0,1.1036013611337157
2022-11-01 00:00:00-04:00,62.293514251708984,71.02832794189453,-1.0945885825257813,0.779,0.0,1.1036013611337157
2022-11-02 00:00:00-04:00,61.59958267211914,70.6015396118164,-1.097879822858772,0.887,0.0,1.1036013611337157
2022-11-03 00:00:00-04:00,61.6471061706543,71.57234954833984,-1.1020061775811945,1.416,0.0,1.1036013611337157
2022-11-04 00:00:00-04:00,61.70414733886719,72.61351013183594,-1.1071430322173126,1.865,-1.0,1.1036013611337157
2022-11-07 00:00:00-05:00,60.23069763183594,70.21228790283203,-1.1113324346004114,0.921,-1.0,1.1110548325028782
2022-11-08 00:00:00-05:00,60.79155349731445,71.1596450805664,-1.1153779271176198,0.933,-1.0,1.1104926191762237
2022-11-09 00:00:00-05:00,60.30674743652344,70.38113403320312,-1.1188571099747773,0.514,-1.0,1.1137393986126276
2022-11-10 00:00:00-05:00,62.46462631225586,73.0824966430664,-1.1222843138725158,0.538,-1.0,1.113230091158786
2022-11-11 00:00:00-05:00,61.87525177001953,72.52908325195312,-1.1255792074057784,0.415,-1.0,1.1139041916500703
2022-11-14 00:00:00-05:00,61.352420806884766,72.97932434082031,-1.1297728799536773,1.047,-1.0,1.1084124713822436
2022-11-15 00:00:00-05:00,62.635738372802734,72.8948974609375,-1.132194797282851,-0.482,0.0,1.1201360928001964
2022-11-16 00:00:00-05:00,62.578712463378906,73.82349395751953,-1.1351120054743016,0.229,0.0,1.1201360928001964
2022-11-17 00:00:00-05:00,61.713645935058594,72.26177215576172,-1.1373034402029258,-0.41,0.0,1.1201360928001964
2022-11-18 00:00:00-05:00,62.99134826660156,74.02515411376953,-1.1395095229593846,-0.237,0.0,1.1201360928001964
2022-11-21 00:00:00-05:00,63.14506149291992,74.46131896972656,-1.1418521350700461,-0.118,0.0,1.1201360928001964
2022-11-22 00:00:00-05:00,63.35639953613281,75.19293975830078,-1.1446058157807886,0.173,0.0,1.1201360928001964
2022-11-23 00:00:00-05:00,63.75027084350586,76.44514465332031,-1.1481520757864947,0.706,0.0,1.1201360928001964
2022-11-25 00:00:00-05:00,64.27865600585938,76.66088104248047,-1.1512031531837028,0.209,0.0,1.1201360928001964
2022-11-28 00:00:00-05:00,63.25072479248047,76.48265838623047,-1.1550243957243655,0.966,0.0,1.1201360928001964
2022-11-29 00:00:00-05:00,63.14506149291992,75.65724182128906,-1.1579870423231584,0.151,0.0,1.1201360928001964
2022-11-30 00:00:00-05:00,64.97993469238281,77.94122314453125,-1.1607047199944518,0.146,0.0,1.1201360928001964
2022-12-01 00:00:00-05:00,65.05679321289062,78.42427825927734,-1.1635952350719851,0.314,0.0,1.1201360928001964
2022-12-02 00:00:00-05:00,64.69174194335938,77.81927490234375,-1.1661167492092248,-0.074,0.0,1.1201360928001964
2022-12-05 00:00:00-05:00,64.82623291015625,76.76874542236328,-1.1670384528846924,-1.341,0.0,1.1201360928001964
2022-12-06 00:00:00-05:00,65.78691101074219,77.5472640991211,-1.1671310210674748,-1.68,1.0,1.1201360928001964
2022-12-07 00:00:00-05:00,65.80611419677734,76.17312622070312,-1.1654877984920182,-2.696,1.0,1.1117078733743269
2022-12-08 00:00:00-05:00,65.97903442382812,76.02305603027344,-1.1631668400371573,-2.684,1.0,1.1104086980116554
2022-12-09 00:00:00-05:00,65.67163848876953,75.57752227783203,-1.1607598643610209,-2.448,1.0,1.110870397814636
2022-12-12 00:00:00-05:00,68.23661804199219,77.6316909790039,-1.1575073263408895,-2.652,1.0,1.1063931152827815
2022-12-13 00:00:00-05:00,68.4095458984375,77.22366333007812,-1.1536503782803398,-2.57,1.0,1.104187842929239
2022-12-14 00:00:00-05:00,68.3134765625,76.79688262939453,-1.1496097571999855,-2.314,1.0,1.103930833877867
2022-12-15 00:00:00-05:00,67.60257720947266,75.93395233154297,-1.1457862966428745,-1.981,1.0,1.1053181437803437
2022-12-16 00:00:00-05:00,66.69954681396484,73.78128814697266,-1.1410928509520282,-2.182,1.0,1.099948041074609
2022-12-19 00:00:00-05:00,66.19999694824219,73.76252746582031,-1.1371321562846641,-1.62,1.0,1.105406081884855
2022-12-20 00:00:00-05:00,66.73796844482422,73.4107894897461,-1.1325896702823526,-1.795,1.0,1.1009742875671513
2022-12-21 00:00:00-05:00,67.94841766357422,74.60066986083984,-1.1280524932579468,-1.606,1.0,1.1018154911731917
2022-12-22 00:00:00-05:00,67.97724151611328,74.74344635009766,-1.1239760474494058,-1.336,1.0,1.1043783210015594
2022-12-23 00:00:00-05:00,68.91869354248047,75.08137512207031,-1.119541440035125,-1.442,1.0,1.1016548782575428
2022-12-27 00:00:00-05:00,69.4278564453125,75.60016632080078,-1.1153104972306567,-1.249,1.0,1.1032395448163088
2022-12-28 00:00:00-05:00,68.83223724365234,74.4007568359375,-1.1108796320015628,-1.276,1.0,1.1017141901136138
2022-12-29 00:00:00-05:00,69.35100555419922,74.19134521484375,-1.105902525579841,-1.385,1.0,1.0987945613357684
2022-12-30 00:00:00-05:00,68.6016845703125,73.5535659790039,-1.1013810096406753,-1.092,1.0,1.1021550321961926
2023-01-03 00:00:00-05:00,69.07241821289062,73.15853881835938,-1.0963295096055963,-1.268,1.0,1.0983630707056755
2023-01-04 00:00:00-05:00,69.65841674804688,73.79154205322266,-1.091529364374734,-1.065,1.0,1.1005317651150732
2023-01-05 00:00:00-05:00,67.6121826171875,72.57311248779297,-1.0882175219114045,-0.457,1.0,1.1090094732082105
2023-01-06 00:00:00-05:00,68.81302642822266,73.5535659790039,-1.085131208200023,-0.468,1.0,1.1082407269995822
2023-01-09 00:00:00-05:00,68.6881332397461,74.78629302978516,-1.0837686829115385,0.257,0.0,1.1180367339696216
2023-01-10 00:00:00-05:00,68.3134765625,74.9671401977539,-1.0835097567283252,0.578,0.0,1.1180367339696216
2023-01-11 00:00:00-05:00,68.74577331542969,77.13272857666016,-1.085306239569085,1.347,0.0,1.1180367339696216
2023-01-12 00:00:00-05:00,67.5737533569336,76.59490203857422,-1.0882045123629314,1.592,-1.0,1.1180367339696216
2023-01-13 00:00:00-05:00,67.5545425415039,76.54730987548828,-1.0911145134053357,1.504,-1.0,1.1195226586151166
2023-01-17 00:00:00-05:00,67.29515838623047,76.99471282958984,-1.0945925043928488,1.712,-1.0,1.1162279308882135
2023-01-18 00:00:00-05:00,65.05679321289062,74.57686614990234,-1.0979909361514077,1.636,-1.0,1.117521279123821
2023-01-19 00:00:00-05:00,63.836734771728516,74.14375305175781,-1.1021116553104384,1.876,-1.0,1.1130683284260687
2023-01-20 00:00:00-05:00,64.48039245605469,75.19560241699219,-1.1064935485282712,1.831,-1.0,1.1126594338288645
2023-01-23 00:00:00-05:00,64.2306137084961,75.55255889892578,-1.111320714605933,1.898,-1.0,1.1104592310152324
2023-01-24 00:00:00-05:00,64.076904296875,75.73342895507812,-1.1163071331178003,1.823,-1.0,1.1102407357930446
2023-01-25 00:00:00-05:00,64.61488342285156,75.66679382324219,-1.1202845227928744,1.362,-1.0,1.1164829486932595
2023-01-26 00:00:00-05:00,64.86465454101562,76.39024353027344,-1.1242364669237839,1.368,-1.0,1.11522858417483
2023-01-27 00:00:00-05:00,65.32579040527344,77.02326202392578,-1.1280345071867033,1.238,-1.0,1.1161144880875633
2023-01-30 00:00:00-05:00,64.7781982421875,76.74246215820312,-1.1318964895152495,1.199,-1.0,1.115536532403714
2023-01-31 00:00:00-05:00,65.01836395263672,76.30933380126953,-1.1347508697400575,0.809,-1.0,1.1214700674351232
2023-02-01 00:00:00-05:00,66.15196228027344,76.09516143798828,-1.1355601418590364,0.184,-1.0,1.1317472366588144
2023-02-02 00:00:00-05:00,65.9214096069336,76.69009399414062,-1.1367598343582954,0.451,-1.0,1.1266185059517144
2023-02-03 00:00:00-05:00,64.62449645996094,74.20085906982422,-1.1368736680807685,0.021,-1.0,1.1335414247770401
2023-02-06 00:00:00-05:00,65.2297134399414,75.02902221679688,-1.1368794063185552,0.049,-1.0,1.132604793054462
2023-02-07 00:00:00-05:00,65.07600402832031,74.77201080322266,-1.1367710811006178,-0.018,-1.0,1.1331104315067977
2023-02-08 00:00:00-05:00,63.836734771728516,73.4964599609375,-1.1367873939239066,0.007,-1.0,1.1322055396990685
2023-02-09 00:00:00-05:00,63.193084716796875,72.70637512207031,-1.1367685359618354,-0.056,-1.0,1.1326012707982587
2023-02-10 00:00:00-05:00,64.24982452392578,74.78629302978516,-1.1376931291769814,0.255,-1.0,1.127061451656335
2023-02-13 00:00:00-05:00,64.489990234375,75.09565734863281,-1.1388141488627752,0.201,-1.0,1.1273049258125467
2023-02-14 00:00:00-05:00,64.02887725830078,74.65303039550781,-1.1399932732933882,0.16,-1.0,1.1272575351783871
2023-02-15 00:00:00-05:00,64.14414978027344,75.385986328125,-1.1417575775554283,0.345,-1.0,1.1239715292836048
2023-02-16 00:00:00-05:00,63.26994705200195,74.94811248779297,-1.1441472750348238,0.498,-1.0,1.1211952120950752
2023-02-17 00:00:00-05:00,64.67744445800781,75.43358612060547,-1.1453004679309442,-0.177,-1.0,1.129218131900684
2023-02-21 00:00:00-05:00,63.62910079956055,73.97239685058594,-1.145798071186851,-0.41,0.0,1.1312074144676776
2023-02-22 00:00:00-05:00,63.328182220458984,73.84866333007812,-1.146347601761135,-0.409,0.0,1.1312074144676776
2023-02-23 00:00:00-05:00,62.84283447265625,74.08663940429688,-1.1477378178321935,-0.038,0.0,1.1312074144676776
2023-02-24 00:00:00-05:00,62.66810607910156,73.90577697753906,-1.149256413610006,-0.168,0.0,1.1312074144676776
2023-02-27 00:00:00-05:00,62.483680725097656,73.71540069580078,-1.1507279306039608,-0.325,0.0,1.1312074144676776
2023-02-28 00:00:00-05:00,61.21207046508789,71.37371063232422,-1.1511293405528413,-1.161,0.0,1.1312074144676776
2023-03-01 00:00:00-05:00,60.49375534057617,70.37421417236328,-1.1510586116084975,-1.299,0.0,1.1312074144676776
2023-03-02 00:00:00-05:00,61.8041877746582,70.76925659179688,-1.1496538665951312,-2.007,1.0,1.1312074144676776
2023-03-03 00:00:00-05:00,62.91078186035156,71.81635284423828,-1.147772562826953,-1.912,1.0,1.1304662192085506
2023-03-06 00:00:00-05:00,63.318477630615234,71.89726257324219,-1.1454800780133207,-1.917,1.0,1.128791496958854
2023-03-07 00:00:00-05:00,62.444854736328125,70.58363342285156,-1.1429022666042203,-1.866,1.0,1.12772113182902
2023-03-08 00:00:00-05:00,62.833133697509766,70.73593139648438,-1.1401097092503334,-1.795,1.0,1.1269063556439034
2023-03-09 00:00:00-05:00,62.65840530395508,70.25999450683594,-1.1371522891313013,-1.736,1.0,1.1262603324764127
2023-03-10 00:00:00-05:00,62.066280364990234,68.58940124511719,-1.133256571331744,-2.079,1.0,1.120822458877297
2023-03-13 00:00:00-04:00,63.24082565307617,68.52276611328125,-1.1278559019226344,-2.515,1.0,1.1132703762363938
2023-03-14 00:00:00-04:00,64.24063873291016,69.89350891113281,-1.1227392066243471,-2.019,1.0,1.1172965806076138
2023-03-15 00:00:00-04:00,65.66756439208984,69.66029357910156,-1.1160451722694662,-2.559,1.0,1.107532909717345
2023-03-16 00:00:00-04:00,66.12378692626953,70.76925659179688,-1.1101315690478928,-1.847,1.0,1.1144052899621948
2023-03-17 00:00:00-04:00,65.91024017333984,69.17481231689453,-1.1033626607572469,-2.168,1.0,1.107983488581292
2023-03-20 00:00:00-04:00,66.54119110107422,70.20763397216797,-1.0972626754662318,-1.659,1.0,1.113168170214005
2023-03-21 00:00:00-04:00,65.16279602050781,70.43016052246094,-1.0936711942652249,-0.529,1.0,1.1270641686845986
2023-03-22 00:00:00-04:00,64.7551040649414,68.69347381591797,-1.0895250879381215,-1.044,1.0,1.1197223003665442
2023-03-23 00:00:00-04:00,64.39594268798828,67.57599639892578,-1.0847489454592452,-1.202,1.0,1.1166763887521087
2023-03-24 00:00:00-04:00,66.58001708984375,69.07080841064453,-1.0792127667922489,-1.385,1.0,1.113087513862391
2023-03-27 00:00:00-04:00,66.24027252197266,69.81578826904297,-1.0751194481826476,-0.606,1.0,1.1228922329143922
2023-03-28 00:00:00-04:00,66.38587188720703,70.36243438720703,-1.07209178534221,-0.264,1.0,1.1270686335322053
2023-03-29 00:00:00-04:00,67.30802917480469,71.8136978149414,-1.0700408069027154,0.078,1.0,1.1312447323017256
2023-03-30 00:00:00-04:00,67.03623962402344,72.35066986083984,-1.0692684963117782,0.56,0.0,1.1373515729339012
2023-03-31 00:00:00-04:00,67.54100799560547,73.12468719482422,-1.0691050485422926,0.714,0.0,1.1373515729339012
2023-04-03 00:00:00-04:00,66.94888305664062,72.3603515625,-1.06895389476466,0.67,0.0,1.1373515729339012
2023-04-04 00:00:00-04:00,67.58953094482422,72.6893081665039,-1.0684336848080354,0.52,0.0,1.1373515729339012
2023-04-05 00:00:00-04:00,69.40473937988281,74.08252716064453,-1.067281266807618,0.301,0.0,1.1373515729339012
2023-04-06 00:00:00-04:00,70.19100189208984,75.14678955078125,-1.0663149627314492,0.537,0.0,1.1373515729339012
2023-04-10 00:00:00-04:00,69.92891693115234,75.12259674072266,-1.0657395179881848,0.743,0.0,1.1373515729339012
2023-04-11 00:00:00-04:00,69.7250747680664,74.86137390136719,-1.0652504718531897,0.752,0.0,1.1373515729339012
2023-04-12 00:00:00-04:00,70.00657653808594,74.47437286376953,-1.064089532052813,0.402,0.0,1.1373515729339012
2023-04-13 00:00:00-04:00,70.33660125732422,74.8662109375,-1.0629103770331216,0.538,0.0,1.1373515729339012
2023-04-14 00:00:00-04:00,69.83184814453125,74.02930450439453,-1.061500395722576,0.462,0.0,1.1373515729339012
2023-04-17 00:00:00-04:00,70.2201156616211,74.9726333618164,-1.0607061990432305,0.936,0.0,1.1373515729339012
2023-04-18 00:00:00-04:00,70.45309448242188,75.47574615478516,-1.060378583434608,1.147,0.0,1.1373515729339012
2023-04-19 00:00:00-04:00,70.67634582519531,76.42874908447266,-1.060931362073135,1.593,-1.0,1.1373515729339012
2023-04-20 00:00:00-04:00,70.88018798828125,75.9207992553711,-1.0608763795336134,1.04,-1.0,1.1421182131193013
2023-04-21 00:00:00-04:00,71.4529037475586,75.85307312011719,-1.0599861396010333,0.596,-1.0,1.146153359299093
2023-04-24 00:00:00-04:00,71.92854309082031,76.36102294921875,-1.0589866324438792,0.628,-1.0,1.1456572560640632
2023-04-25 00:00:00-04:00,71.81206512451172,76.42389678955078,-1.0582348802163721,0.764,-1.0,1.1440812778885232
2023-04-26 00:00:00-04:00,70.4627914428711,74.65819549560547,-1.0572426177948255,0.554,-1.0,1.145877638776256
2023-04-27 00:00:00-04:00,71.3558349609375,75.50960540771484,-1.0561760580391506,0.518,-1.0,1.1459879858245867
2023-04-28 00:00:00-04:00,71.39466857910156,75.21935272216797,-1.0548307061864912,0.326,-1.0,1.1475505912628094
2023-05-01 00:00:00-04:00,71.9188461303711,75.6885986328125,-1.0534408388880836,0.293,-1.0,1.1474430647178104
2023-05-02 00:00:00-04:00,71.00638580322266,74.1115493774414,-1.051509565132075,-0.088,-1.0,1.1506606220180489
2023-05-03 00:00:00-04:00,71.18111419677734,73.83097076416016,-1.0491260493055228,-0.4,0.0,1.1526446500116618
2023-05-04 00:00:00-04:00,72.07415771484375,74.25183868408203,-1.0462920467728978,-0.721,0.0,1.1526446500116618
2023-05-05 00:00:00-04:00,72.74393463134766,74.94361114501953,-1.043569654677013,-0.709,0.0,1.1526446500116618
2023-05-08 00:00:00-04:00,72.38477325439453,74.94844055175781,-1.0414707523733067,-0.295,0.0,1.1526446500116618
2023-05-09 00:00:00-04:00,72.50126647949219,75.3257827758789,-1.039926170660528,0.074,0.0,1.1526446500116618
2023-05-10 00:00:00-04:00,73.44284057617188,75.2677230834961,-1.0375526867248948,-0.921,0.0,1.1526446500116618
2023-05-11 00:00:00-04:00,72.46243286132812,74.24699401855469,-1.03518419288683,-0.856,0.0,1.1526446500116618
2023-05-12 00:00:00-04:00,71.87450408935547,74.15508270263672,-1.0335230283230936,-0.212,0.0,1.1526446500116618
2023-05-15 00:00:00-04:00,70.96321105957031,72.81991577148438,-1.0317292022394602,-0.708,0.0,1.1526446500116618
2023-05-16 00:00:00-04:00,69.47378540039062,70.3866195678711,-1.0291161784955773,-1.813,1.0,1.1526446500116618
2023-05-17 00:00:00-04:00,69.51298522949219,71.02033996582031,-1.0271216850532277,-0.64,1.0,1.1577845842306458
2023-05-18 00:00:00-04:00,69.62076568603516,71.16547393798828,-1.0254326281352137,-0.363,1.0,1.1588509920067378
2023-05-19 00:00:00-04:00,69.9735336303711,70.54142761230469,-1.0229131208289424,-1.563,1.0,1.1531551216721732
2023-05-22 00:00:00-04:00,69.52278137207031,70.66720581054688,-1.0210009245979867,-0.371,1.0,1.1582366581791315
2023-05-23 00:00:00-04:00,69.71875762939453,70.8703842163086,-1.0193556464674953,-0.147,1.0,1.1590665467257695
2023-05-24 00:00:00-04:00,69.42478942871094,70.49304962158203,-1.0178035807650139,-0.088,1.0,1.1592796148449294
2023-05-25 00:00:00-04:00,68.41551208496094,69.45780944824219,-1.0163717368222605,0.081,1.0,1.1599268848318485
2023-05-26 00:00:00-04:00,68.07255554199219,69.58842468261719,-1.0155598079742838,0.992,0.0,1.1637796527432396
2023-05-30 00:00:00-04:00,68.4253158569336,69.54487609863281,-1.0145200441764826,0.465,0.0,1.1637796527432396
2023-05-31 00:00:00-04:00,68.34691619873047,69.4336166381836,-1.0134705801071642,0.523,0.0,1.1637796527432396
2023-06-01 00:00:00-04:00,67.78838348388672,69.74805450439453,-1.0134071838501784,1.887,-1.0,1.1637796527432396
2023-06-02 00:00:00-04:00,68.05294799804688,69.93672943115234,-1.0134787328588077,1.628,-1.0,1.164386575409969
2023-06-05 00:00:00-04:00,68.28813171386719,70.14958190917969,-1.0135479926450077,1.521,-1.0,1.164603497143472
2023-06-06 00:00:00-04:00,67.97456359863281,70.1786117553711,-1.0139738073690536,1.914,-1.0,1.162318129313844
2023-06-07 00:00:00-04:00,68.71926879882812,71.6976089477539,-1.0152448786345158,2.739,-1.0,1.1575357382350864
2023-06-08 00:00:00-04:00,69.6501693725586,72.1233139038086,-1.016066524227033,1.84,-1.0,1.1615710428193076
2023-06-09 00:00:00-04:00,69.82654571533203,71.45088958740234,-1.0158414694877018,0.699,-1.0,1.1674419414010475
2023-06-12 00:00:00-04:00,69.41499328613281,71.19449615478516,-1.0155738706731414,0.908,-1.0,1.1661697749630175
2023-06-13 00:00:00-04:00,69.0328369140625,70.92359161376953,-1.0154386342198891,1.046,-1.0,1.1652724748225127
2023-06-14 00:00:00-04:00,69.06224060058594,71.2525405883789,-1.015653949768302,1.34,-1.0,1.1632623655812329
2023-06-15 00:00:00-04:00,69.33660125732422,71.88142395019531,-1.0162954159066262,1.61,-1.0,1.161114453260405
2023-06-16 00:00:00-04:00,70.31649017333984,71.69276428222656,-1.015747683221917,0.21,-1.0,1.169121922914545
2023-06-20 00:00:00-04:00,68.925048828125,71.32027435302734,-1.0160670329870694,1.355,-1.0,1.1619140529786005
2023-06-21 00:00:00-04:00,70.19889831542969,71.83789825439453,-1.0157420396360983,0.434,-1.0,1.167180704799733
2023-06-22 00:00:00-04:00,69.86573791503906,70.88005828857422,-1.0146559245658453,-0.244,0.0,1.1710147578080394
2023-06-23 00:00:00-04:00,69.0328369140625,69.54004669189453,-1.0129681316981496,-0.755,0.0,1.1710147578080394
2023-06-26 00:00:00-04:00,70.28709411621094,70.65269470214844,-1.0111074542376908,-0.83,0.0,1.1710147578080394
2023-06-27 00:00:00-04:00,69.68936157226562,70.75911712646484,-1.0100865358588476,0.146,0.0,1.1710147578080394
2023-06-28 00:00:00-04:00,68.46450805664062,70.20763397216797,-1.0100352550145453,0.986,0.0,1.1710147578080394
2023-06-29 00:00:00-04:00,67.74919128417969,70.0915298461914,-1.0108302858584968,1.596,-1.0,1.1710147578080394
2023-06-30 00:00:00-04:00,68.83686065673828,70.43016052246094,-1.0109599348666134,0.566,-1.0,1.1765120797860875
2023-07-03 00:00:00-04:00,69.15042877197266,71.39900207519531,-1.0116156358965742,1.281,-1.0,1.1722214300263256
2023-07-05 00:00:00-04:00,70.23809814453125,71.91046905517578,-1.0117239015272528,0.469,-1.0,1.1763931601800894
2023-07-06 00:00:00-04:00,69.36599731445312,70.92195892333984,-1.011594374343773,0.289,-1.0,1.1770820720211899
2023-07-07 00:00:00-04:00,69.25821685791016,70.88261413574219,-1.0114952294926167,0.357,-1.0,1.1765389078573947
2023-07-10 00:00:00-04:00,68.72907257080078,71.03999328613281,-1.0121323053450728,1.223,-1.0,1.1719243486745752
2023-07-11 00:00:00-04:00,69.30721282958984,72.26456451416016,-1.0135509553878286,1.949,-1.0,1.1681274889192421
2023-07-12 00:00:00-04:00,70.14990997314453,73.1448745727539,-1.0150634130947127,1.714,-1.0,1.168681035079205
2023-07-13 00:00:00-04:00,70.04212188720703,73.55307006835938,-1.0170236827192702,2.089,-1.0,1.1660543883138959
2023-07-14 00:00:00-04:00,69.94412994384766,73.00225830078125,-1.0184669932365238,1.229,-1.0,1.1698821075188581
2023-07-17 00:00:00-04:00,68.76827239990234,71.86128234863281,-1.0197523447766987,1.121,-1.0,1.1701060368967535
2023-07-18 00:00:00-04:00,67.70018768310547,71.33998107910156,-1.0215054057777646,1.648,-1.0,1.1669088086323625
2023-07-19 00:00:00-04:00,68.72907257080078,72.06292724609375,-1.022895757341009,0.988,-1.0,1.169884407157173
2023-07-20 00:00:00-04:00,69.64037322998047,73.5776596069336,-1.0247149977991699,1.539,-1.0,1.1667391282010642
2023-07-21 00:00:00-04:00,71.59033203125,74.29568481445312,-1.0251584369469013,-0.317,0.0,1.1756219122751455
2023-07-24 00:00:00-04:00,71.4825439453125,74.38420867919922,-1.0254764596583281,-0.072,0.0,1.1756219122751455
2023-07-25 00:00:00-04:00,71.14938354492188,74.462890625,-1.0261798546759613,0.431,0.0,1.1756219122751455
2023-07-26 00:00:00-04:00,71.6197280883789,74.72846221923828,-1.0266879295246867,0.075,0.0,1.1756219122751455
2023-07-27 00:00:00-04:00,71.39435577392578,73.4547119140625,-1.0260358073027835,-1.257,0.0,1.1756219122751455
2023-07-28 00:00:00-04:00,70.89461517333984,73.42520141601562,-1.025684213068057,-0.513,0.0,1.1756219122751455
2023-07-31 00:00:00-04:00,70.88481140136719,73.2874984741211,-1.025290875169542,-0.659,0.0,1.1756219122751455
2023-08-01 00:00:00-04:00,69.84613800048828,72.41210174560547,-1.0251135401748637,-0.38,0.0,1.1756219122751455
2023-08-02 00:00:00-04:00,69.5423812866211,72.23013305664062,-1.0251290227132988,-0.204,0.0,1.1756219122751455
2023-08-03 00:00:00-04:00,67.23965454101562,70.47933959960938,-1.0258170967760947,0.574,0.0,1.1756219122751455
2023-08-04 00:00:00-04:00,66.475341796875,69.80558013916016,-1.0267188245818262,0.637,0.0,1.1756219122751455
2023-08-07 00:00:00-04:00,66.65171813964844,70.03179931640625,-1.0276542325709253,0.57,0.0,1.1756219122751455
2023-08-08 00:00:00-04:00,67.42582702636719,70.47933959960938,-1.0281705941098165,0.03,0.0,1.1756219122751455
2023-08-09 00:00:00-04:00,67.79818725585938,70.71540069580078,-1.0284063125928062,-0.224,0.0,1.1756219122751455
2023-08-10 00:00:00-04:00,68.01376342773438,70.3268814086914,-1.0279256187622352,-1.104,0.0,1.1756219122751455
2023-08-11 00:00:00-04:00,68.10194396972656,70.99081420898438,-1.0279221543098342,-0.344,0.0,1.1756219122751455
2023-08-14 00:00:00-04:00,67.44542694091797,70.0908203125,-1.0277876395285728,-0.836,0.0,1.1756219122751455
2023-08-15 00:00:00-04:00,66.41654205322266,68.87116241455078,-1.0274632758439628,-1.125,0.0,1.1756219122751455
2023-08-16 00:00:00-04:00,66.73991394042969,69.49083709716797,-1.0274212787596426,-0.582,0.0,1.1756219122751455
2023-08-17 00:00:00-04:00,66.8770980834961,69.6973876953125,-1.0275137644334893,-0.441,0.0,1.1756219122751455
2023-08-18 00:00:00-04:00,67.1344985961914,69.55475616455078,-1.0272005914478175,-1.124,0.0,1.1756219122751455
2023-08-21 00:00:00-04:00,66.93649291992188,69.94328308105469,-1.027443541437742,-0.063,0.0,1.1756219122751455
2023-08-22 00:00:00-04:00,67.05530548095703,70.13016510009766,-1.0278617981083937,-0.016,0.0,1.1756219122751455
2023-08-23 00:00:00-04:00,66.8770980834961,70.68098449707031,-1.0290655162323328,1.114,0.0,1.1756219122751455
2023-08-24 00:00:00-04:00,66.75828552246094,69.61869049072266,-1.0293666011692364,-0.638,0.0,1.1756219122751455
2023-08-25 00:00:00-04:00,67.41171264648438,70.38589477539062,-1.029544799338512,-0.461,0.0,1.1756219122751455
2023-08-28 00:00:00-04:00,67.4513168334961,70.38589477539062,-1.0296396463078057,-0.503,0.0,1.1756219122751455
2023-08-29 00:00:00-04:00,67.88693237304688,70.53343200683594,-1.0293905695535672,-0.98,0.0,1.1756219122751455
2023-08-30 00:00:00-04:00,67.93643951416016,69.68754577636719,-1.0281337118538354,-2.356,1.0,1.1756219122751455
2023-08-31 00:00:00-04:00,67.05530548095703,69.06788635253906,-1.0270443665961924,-1.571,1.0,1.178226807588271
2023-09-01 00:00:00-04:00,66.55038452148438,68.91050720214844,-1.0264513187613538,-0.779,1.0,1.1811466518219884
2023-09-05 00:00:00-04:00,65.6395492553711,68.06462097167969,-1.0261049620618945,-0.526,1.0,1.1819720722582112
2023-09-06 00:00:00-04:00,65.59004211425781,68.4678955078125,-1.0263198738846597,0.423,0.0,1.1852123446298612
2023-09-07 00:00:00-04:00,66.44147491455078,69.30394744873047,-1.0266065642901305,0.421,0.0,1.1852123446298612
2023-09-08 00:00:00-04:00,67.25331115722656,70.08098602294922,-1.026829294509804,0.242,0.0,1.1852123446298612
2023-09-11 00:00:00-04:00,67.4513168334961,69.99246215820312,-1.0267113412229913,-0.415,0.0,1.1852123446298612
2023-09-12 00:00:00-04:00,67.91663360595703,70.12033081054688,-1.0261533071341882,-1.098,0.0,1.1852123446298612
2023-09-13 00:00:00-04:00,68.80767059326172,70.739990234375,-1.0252243548883024,-1.538,1.0,1.1852123446298612
2023-09-14 00:00:00-04:00,70.1937255859375,72.32357788085938,-1.024454240599822,-1.066,1.0,1.1867142633559875
2023-09-15 00:00:00-04:00,70.38182830810547,71.90062713623047,-1.0231286174106862,-2.1,1.0,1.1830845465861701
2023-09-18 00:00:00-04:00,70.24321746826172,72.30390167236328,-1.0223559016395867,-0.755,1.0,1.1872434406929662
2023-09-19 00:00:00-04:00,70.20362854003906,72.31373596191406,-1.0218174964462872,-0.543,1.0,1.1878550814723592
2023-09-20 00:00:00-04:00,70.49073028564453,72.12686157226562,-1.0208671970345256,-1.363,1.0,1.184987034582277
2023-09-21 00:00:00-04:00,69.20368194580078,70.77933502197266,-1.0198624340074336,-1.219,1.0,1.1852410866409921
2023-09-22 00:00:00-04:00,68.67896270751953,70.64163208007812,-1.01933587122188,-0.232,1.0,1.1883239641069765
2023-09-25 00:00:00-04:00,68.59976196289062,70.48426055908203,-1.0188719820806298,-0.285,1.0,1.1880047084311962
2023-09-26 00:00:00-04:00,66.44147491455078,68.65433502197266,-1.0188425031581372,0.626,0.0,1.190726068580882
2023-09-27 00:00:00-04:00,65.48114013671875,68.84278869628906,-1.0201396011896438,2.785,-1.0,1.190726068580882
2023-09-28 00:00:00-04:00,64.42179870605469,67.21617889404297,-1.0210697786333682,1.398,-1.0,1.195281547023463
2023-09-29 00:00:00-04:00,64.07528686523438,67.47406005859375,-1.0225060205946095,2.23,-1.0,1.191374029594947
2023-10-02 00:00:00-04:00,62.08530807495117,64.73661041259766,-1.0232178559942515,0.767,-1.0,1.1971970378411438
2023-10-03 00:00:00-04:00,63.39215850830078,65.79786682128906,-1.0234270506321286,0.203,-1.0,1.1994101415820289
2023-10-04 00:00:00-04:00,63.97628402709961,65.94664001464844,-1.0230273339232725,-0.576,0.0,1.2026329479352929
2023-10-05 00:00:00-04:00,63.94657516479492,65.70860290527344,-1.0222916628232406,-0.836,0.0,1.2026329479352929
2023-10-06 00:00:00-04:00,64.32279205322266,66.58141326904297,-1.0220519386523095,0.094,0.0,1.2026329479352929
2023-10-09 00:00:00-04:00,65.25343322753906,67.94021606445312,-1.0223812235217262,0.814,0.0,1.2026329479352929
2023-10-10 00:00:00-04:00,65.77815246582031,67.98981475830078,-1.0222955614577365,-0.062,0.0,1.2026329479352929
2023-10-11 00:00:00-04:00,66.43157196044922,68.70392608642578,-1.022169668179085,0.107,0.0,1.2026329479352929
2023-10-12 00:00:00-04:00,65.04551696777344,67.90054321289062,-1.022703062146617,1.224,0.0,1.2026329479352929
2023-10-13 00:00:00-04:00,65.88705444335938,68.92212677001953,-1.0235247461522703,1.369,0.0,1.2026329479352929
2023-10-16 00:00:00-04:00,66.82759094238281,70.33052825927734,-1.0248333922599104,1.895,-1.0,1.2026329479352929
2023-10-17 00:00:00-04:00,66.44147491455078,69.99330139160156,-1.0262221897560095,1.693,-1.0,1.202877532915727
2023-10-18 00:00:00-04:00,65.93655395507812,69.84452819824219,-1.0279269016252477,1.992,-1.0,1.2010102139840164
2023-10-19 00:00:00-04:00,65.77815246582031,68.98164367675781,-1.0288319386997158,0.648,-1.0,1.2065686184829107
2023-10-20 00:00:00-04:00,65.07522583007812,67.99972534179688,-1.0292109219971584,0.134,-1.0,1.208668159751446
2023-10-23 00:00:00-04:00,64.77821350097656,67.58316040039062,-1.0293229886949,-0.083,-1.0,1.2095480594083043
2023-10-24 00:00:00-04:00,65.78804779052734,69.20975494384766,-1.0299973748473155,0.845,-1.0,1.2055853134965338
2023-10-25 00:00:00-04:00,65.94645690917969,69.59657287597656,-1.0309947399609338,1.074,-1.0,1.2044377905924395
2023-10-26 00:00:00-04:00,66.49098205566406,70.22142791748047,-1.0320637838387927,1.015,-1.0,1.204492739151119
2023-10-27 00:00:00-04:00,65.86725616455078,69.15025329589844,-1.032612860851647,0.218,-1.0,1.2078727106319787
2023-10-30 00:00:00-04:00,66.12466430664062,68.92212677001953,-1.0324718668040964,-0.613,0.0,1.211404981446333
2023-10-31 00:00:00-04:00,66.62958526611328,69.45771789550781,-1.0321969654360301,-0.597,0.0,1.211404981446333
2023-11-01 00:00:00-04:00,67.74832916259766,70.17182922363281,-1.0314383130783633,-1.259,0.0,1.211404981446333
2023-11-02 00:00:00-04:00,69.42149353027344,71.490966796875,-1.030190364098221,-1.83,1.0,1.211404981446333
2023-11-03 00:00:00-04:00,69.68880462646484,71.75875854492188,-1.0289194619670037,-1.619,1.0,1.2119694344737906
2023-11-06 00:00:00-05:00,68.54035949707031,71.29259490966797,-1.028503497210279,-0.374,1.0,1.217216787277088
2023-11-07 00:00:00-05:00,68.03543853759766,70.81652069091797,-1.028357987496036,-0.328,1.0,1.2175942420124146
2023-11-08 00:00:00-05:00,67.91663360595703,69.95362854003906,-1.0274964488282334,-1.523,1.0,1.2127122008320486
2023-11-09 00:00:00-05:00,67.36221313476562,69.00147247314453,-1.0261291672253023,-1.893,1.0,1.2106098268882903
2023-11-10 00:00:00-05:00,67.42161560058594,69.76518249511719,-1.0254929028558089,-0.653,1.0,1.215977886546913
2023-11-13 00:00:00-05:00,66.66918182373047,69.44779205322266,-1.0255501230137822,0.092,1.0,1.2192459825722612
2023-11-14 00:00:00-05:00,68.52055358886719,72.0067138671875,-1.026461114202552,1.138,0.0,1.2234459543426537
2023-11-15 00:00:00-05:00,68.0849380493164,71.39178466796875,-1.0273191429087887,0.75,0.0,1.2234459543426537
2023-11-16 00:00:00-05:00,69.56999206542969,71.60006713867188,-1.0267057416972334,-1.362,0.0,1.2234459543426537
2023-11-17 00:00:00-05:00,69.7699966430664,71.66949462890625,-1.0256653061174046,-1.377,0.0,1.2234459543426537
2023-11-20 00:00:00-05:00,69.44000244140625,71.83810424804688,-1.0251438779315911,-0.445,0.0,1.2234459543426537
2023-11-21 00:00:00-05:00,69.6500015258789,72.2745132446289,-1.025010212423894,-0.077,0.0,1.2234459543426537
2023-11-22 00:00:00-05:00,69.58999633789062,72.52246856689453,-1.0252985765631504,0.378,0.0,1.2234459543426537
2023-11-24 00:00:00-05:00,69.61000061035156,73.0679702758789,-1.0262111056016505,1.11,0.0,1.2234459543426537
2023-11-27 00:00:00-05:00,70.26000213623047,73.11756134033203,-1.0265445387898042,0.04,0.0,1.2234459543426537
2023-11-28 00:00:00-05:00,70.48999786376953,72.919189453125,-1.0262695878157668,-0.651,0.0,1.2234459543426537
2023-11-29 00:00:00-05:00,70.2300033569336,72.35385131835938,-1.025569288593391,-1.031,0.0,1.2234459543426537
2023-11-30 00:00:00-05:00,70.9800033569336,72.2745132446289,-1.0239415363982691,-2.032,1.0,1.2234459543426537
2023-12-01 00:00:00-05:00,71.5199966430664,72.601806640625,-1.0220006320122152,-1.973,1.0,1.2228500896113845
2023-12-04 00:00:00-05:00,71.27999877929688,72.21499633789062,-1.0199932548642319,-1.832,1.0,1.2228608093543616
2023-12-05 00:00:00-05:00,70.93000030517578,70.93000030517578,-1.0171582921584144,-2.555,1.0,1.217780217436493
2023-12-06 00:00:00-05:00,72.26000213623047,73.05000305175781,-1.0151561395155715,-1.273,1.0,1.2240085207029643
2023-12-07 00:00:00-05:00,71.6500015258789,73.04000091552734,-1.0141191415070454,-0.29,1.0,1.2286999204860163
2023-12-08 00:00:00-05:00,71.5,72.37999725341797,-1.012841685368243,-0.829,1.0,1.225823184493977
2023-12-11 00:00:00-05:00,71.36000061035156,73.94000244140625,-1.0133685938338903,1.43,0.0,1.2372020348336668
2023-12-12 00:00:00-05:00,70.47000122070312,73.8499984741211,-1.01508078925318,2.201,-1.0,1.2372020348336668
2023-12-13 00:00:00-05:00,73.08000183105469,76.48999786376953,-1.0169083982451812,1.927,-1.0,1.2381497695085903
2023-12-14 00:00:00-05:00,71.5,76.4800033569336,-1.0202650673933595,3.05,-1.0,1.229070399488383
2023-12-15 00:00:00-05:00,70.62000274658203,75.56999969482422,-1.0236854120533987,2.453,-1.0,1.2307863022288803
