Date,y,x,hr,spread,zScore,long entry,long exit,num units long,short entry,short exit,num units short,numUnits,spread pct ch,port rets,cum rets,X_sell_price,Y_Buy_price,X_Buy_price,Y_sell_price
2022-06-21 00:00:00,83.79000091552734,102.2699966430664,-0.830082498569999,-1.1025334266946345,-1.996,False,False,1.0,False,False,0.0,1.0,0.0004253541982864464,0.0004253541982864464,1.0004253541982864,102.2699966430664,83.79000091552734,,
2022-06-22 00:00:00,83.75,99.52999877929688,-0.8302264896464142,1.1175584989524623,-1.527,False,False,1.0,False,False,0.0,1.0,0.013343306575009714,0.013343306575009714,1.013768660773296,99.52999877929688,83.75,,
2022-06-23 00:00:00,82.43000030517578,95.72000122070312,-0.8319697129937634,2.793858361824718,-1.191,False,False,1.0,False,False,0.0,1.0,0.01034330699561952,0.01034330699561952,1.0241119677689157,95.72000122070312,82.43000030517578,,
2022-06-24 00:00:00,87.08000183105469,103.51000213623047,-0.832375350147592,0.9208275591318511,-1.423,False,False,1.0,False,False,0.0,1.0,-0.01081182007919209,-0.01081182007919209,1.0133001476897237,103.51000213623047,87.08000183105469,,
2022-06-27 00:00:00,86.16000366210938,101.5,-0.8331726261990766,1.5929821029030933,-1.233,False,False,1.0,False,False,0.0,1.0,0.003937013152428091,0.003937013152428091,1.0172371608421518,101.5,86.16000366210938,,
2022-06-28 00:00:00,80.77999877929688,97.52999877929688,-0.8323532120423021,-0.3994089751326726,-1.449,False,False,1.0,False,False,0.0,1.0,-0.012301792904019258,-0.012301792904019258,1.0049353679381323,97.52999877929688,80.77999877929688,,
2022-06-29 00:00:00,77.98999786376953,93.93000030517578,-0.831555235819574,-0.11798569053357255,-1.321,False,False,1.0,False,False,0.0,1.0,0.0018028630610242957,0.0018028630610242957,1.0067382309991568,93.93000030517578,77.98999786376953,,
2022-06-30 00:00:00,76.47000122070312,89.08000183105469,-0.8327954951805477,2.284576985125838,-0.893,False,False,1.0,False,False,0.0,1.0,0.015947402281616636,0.015947402281616636,1.0226856332807734,89.08000183105469,76.47000122070312,,
2022-07-01 00:00:00,73.66999816894531,91.41000366210938,-0.8304359370950073,-2.240153882056532,-1.489,False,False,1.0,False,False,0.0,1.0,-0.030249540868417836,-0.030249540868417836,0.9924360924123555,91.41000366210938,73.66999816894531,,
2022-07-05 00:00:00,75.19999694824219,95.94000244140625,-0.825990390204267,-4.045523104533288,-1.644,True,False,1.0,False,False,0.0,1.0,-0.011689359830786542,-0.011689359830786542,0.980746732581569,95.94000244140625,75.19999694824219,,
2022-07-06 00:00:00,75.3499984741211,92.87999725341797,-0.8237484141515936,-1.1597519697863277,-1.156,False,False,1.0,False,False,0.0,1.0,0.01900287044662937,0.01900287044662937,0.9997496030281984,92.87999725341797,75.3499984741211,,
2022-07-07 00:00:00,79.30000305175781,97.5,-0.8220689002378272,-0.8517147214303407,-1.093,False,False,1.0,False,False,0.0,1.0,0.0019318527687397342,0.0019318527687397342,1.001681455796938,97.5,79.30000305175781,,
2022-07-08 00:00:00,79.3499984741211,97.3499984741211,-0.8207317863555308,-0.5482396752525034,-1.032,False,False,1.0,False,False,0.0,1.0,0.0019056728828673517,0.0019056728828673517,1.0035871286798055,97.3499984741211,79.3499984741211,,
2022-07-11 00:00:00,76.94999694824219,95.0999984741211,-0.8190903035419551,-0.9454896687651342,-1.062,False,False,1.0,False,False,0.0,1.0,-0.002565460640931356,-0.002565460640931356,1.0010216680388742,95.0999984741211,76.94999694824219,,
2022-07-12 00:00:00,76.36000061035156,96.55000305175781,-0.8160820130652947,-2.4327202415873046,-1.278,False,False,1.0,False,False,0.0,1.0,-0.009585591272942248,-0.009585591272942248,0.9914360767659318,96.55000305175781,76.36000061035156,,
2022-07-13 00:00:00,77.5199966430664,95.63999938964844,-0.8146753669441985,-0.3955549542383494,-0.835,False,False,1.0,False,False,0.0,1.0,0.013106173654681676,0.013106173654681676,1.0045422504206134,95.63999938964844,77.5199966430664,,
2022-07-14 00:00:00,78.5999984741211,91.05000305175781,-0.8175466568027052,4.16237287728039,0.136,False,True,0.0,False,False,0.0,0.0,0.02978305406391621,0.02978305406391621,1.0343253044845298,,,,
2022-07-15 00:00:00,81.11000061035156,94.66000366210938,-0.8204261219599895,3.4484609011287546,0.029,False,False,0.0,False,False,0.0,0.0,-0.004496473201145985,-0.0,1.0343253044845298,,,,
2022-07-18 00:00:00,81.43000030517578,97.66999816894531,-0.8213111998118835,1.212536923414845,-0.413,False,False,0.0,False,True,0.0,0.0,-0.013832100589244212,-0.0,1.0343253044845298,,,,
2022-07-19 00:00:00,85.87999725341797,102.19999694824219,-0.8224520488171511,1.825400374229602,-0.223,False,False,0.0,False,False,0.0,0.0,0.0036064666758583407,0.0,1.0343253044845298,,,,
2022-07-20 00:00:00,89.43000030517578,107.7300033569336,-0.82270853234774,0.799607353575837,-0.429,False,False,0.0,False,False,0.0,0.0,-0.005760927525159954,-0.0,1.0343253044845298,,,,
2022-07-21 00:00:00,91.08999633789062,108.13999938964844,-0.8238968184051936,1.9937948984197078,-0.072,False,False,0.0,False,False,0.0,0.0,0.006627519530210697,0.0,1.0343253044845298,,,,
2022-07-22 00:00:00,88.0999984741211,103.97000122070312,-0.8254602542706425,2.276894829960483,0.102,False,True,0.0,False,False,0.0,0.0,0.0016277304630194812,0.0,1.0343253044845298,,,,
2022-07-25 00:00:00,87.54000091552734,104.94999694824219,-0.8258314924233231,0.8689883059372931,-0.28,False,False,0.0,False,True,0.0,0.0,-0.008081616055922898,-0.0,1.0343253044845298,,,,
2022-07-26 00:00:00,85.25,101.91000366210938,-0.8261933299091646,1.0526347233466993,-0.158,False,False,0.0,False,False,0.0,0.0,0.0010837962402635787,0.0,1.0343253044845298,,,,
2022-07-27 00:00:00,89.81999969482422,107.36000061035156,-0.8265768096025857,1.0787129113881662,-0.098,False,False,0.0,False,False,0.0,0.0,0.0001460461478285882,0.0,1.0343253044845298,,,,
2022-07-28 00:00:00,91.66999816894531,108.83999633789062,-0.8274286484687385,1.6126670997420263,0.117,False,True,0.0,False,False,0.0,0.0,0.002938216230835198,0.0,1.0343253044845298,,,,
2022-07-29 00:00:00,94.47000122070312,110.9800033569336,-0.8290781853351399,2.4589014290488933,0.497,False,False,0.0,False,False,0.0,0.0,0.004537909336189465,0.0,1.0343253044845298,,,,
2022-08-01 00:00:00,96.77999877929688,111.19999694824219,-0.8323530850837392,4.222338258125106,1.283,False,False,0.0,False,False,0.0,0.0,0.009313714110502093,0.0,1.0343253044845298,,,,
2022-08-02 00:00:00,99.29000091552734,116.33999633789062,-0.8341298614852215,2.2473358850114664,0.516,False,False,0.0,False,False,0.0,0.0,-0.010059469032302632,-0.0,1.0343253044845298,,,,
2022-08-03 00:00:00,98.08999633789062,115.0199966430664,-0.8354711845927791,1.9941034906504598,0.473,False,False,0.0,False,False,0.0,0.0,-0.0013040720694158304,-0.0,1.0343253044845298,,,,
2022-08-04 00:00:00,103.91000366210938,119.22000122070312,-0.8384095287229459,3.954818624310633,1.469,False,False,0.0,False,False,0.0,0.0,0.009617704455400515,0.0,1.0343253044845298,,,,
2022-08-05 00:00:00,102.30999755859375,117.11000061035156,-0.8413753387076331,3.7765311290080774,1.41,False,False,0.0,False,False,0.0,0.0,-0.0008876937878000777,-0.0,1.0343253044845298,,,,
2022-08-08 00:00:00,100.06999969482422,115.81999969482422,-0.8431830869484939,2.412534821768716,0.684,False,False,0.0,False,False,0.0,0.0,-0.00689836543557712,-0.0,1.0343253044845298,,,,
2022-08-09 00:00:00,95.54000091552734,114.44000244140625,-0.8421361905389668,-0.8340667857485755,-0.96,False,False,0.0,False,True,0.0,0.0,-0.016916954712683487,-0.0,1.0343253044845298,,,,
2022-08-10 00:00:00,99.05000305175781,118.7300033569336,-0.8407819875806208,-0.7760451561385935,-0.891,False,False,0.0,False,False,0.0,0.0,0.0002917476953231966,0.0,1.0343253044845298,,,,
2022-08-11 00:00:00,98.12000274658203,121.5,-0.8370850886230253,-3.5858355211155413,-2.074,True,False,1.0,False,False,0.0,1.0,-0.01406119624326345,-0.0,1.0343253044845298,121.5,98.12000274658203,,
2022-08-12 00:00:00,100.83000183105469,124.51000213623047,-0.8336364451862889,-2.966073739929712,-1.653,False,False,1.0,False,False,0.0,1.0,0.0030287526841857623,0.0030287526841857623,1.0373540571687154,124.51000213623047,100.83000183105469,,
2022-08-15 00:00:00,101.01000213623047,126.04000091552734,-0.8297588408317702,-3.57280292187275,-1.769,False,False,1.0,False,False,0.0,1.0,-0.002951120665274714,-0.002951120665274714,1.0344029365034408,126.04000091552734,101.01000213623047,,
2022-08-16 00:00:00,100.19999694824219,124.18000030517578,-0.826757651605243,-2.4667684804032888,-1.241,False,False,1.0,False,False,0.0,1.0,0.0054520239220590535,0.0054520239220590535,1.0398549604254999,124.18000030517578,100.19999694824219,,
2022-08-17 00:00:00,98.2699966430664,121.87000274658203,-0.8241219893841862,-2.1657524667030117,-1.071,False,False,1.0,False,False,0.0,1.0,0.0015148832891561273,0.0015148832891561273,1.041369843714656,121.87000274658203,98.2699966430664,,
2022-08-18 00:00:00,100.44000244140625,121.2699966430664,-0.8236987415274668,0.5500588214723336,0.07,False,True,0.0,False,False,0.0,0.0,0.013556691555958266,0.013556691555958266,1.0549265352706143,,,,
2022-08-19 00:00:00,95.94999694824219,114.76000213623047,-0.8241775778702009,1.367376351224678,0.372,False,False,0.0,False,False,0.0,0.0,0.004289646257330171,0.0,1.0549265352706143,,,,
2022-08-22 00:00:00,92.83999633789062,111.38999938964844,-0.824471025125357,1.00216935239429,0.165,False,False,0.0,False,False,0.0,0.0,-0.0019775357552859964,-0.0,1.0549265352706143,,,,
2022-08-23 00:00:00,92.48999786376953,111.5999984741211,-0.8243406171663635,0.49358624584732524,-0.087,False,False,0.0,False,True,0.0,0.0,-0.002756751068958476,-0.0,1.0549265352706143,,,,
2022-08-24 00:00:00,92.7300033569336,114.51000213623047,-0.8226013810586885,-1.4660825453629656,-0.962,False,False,0.0,False,False,0.0,0.0,-0.01048365586086066,-0.0,1.0549265352706143,,,,
2022-08-25 00:00:00,97.18000030517578,117.02999877929688,-0.8225699761252666,0.9146370033495685,0.093,False,True,0.0,False,False,0.0,0.0,0.01230693516929739,0.0,1.0549265352706143,,,,
2022-08-26 00:00:00,91.18000030517578,112.81999969482422,-0.8208720356265464,-1.4307825037009252,-0.958,False,False,0.0,False,True,0.0,0.0,-0.012761355424417717,-0.0,1.0549265352706143,,,,
2022-08-29 00:00:00,88.48999786376953,113.54000091552734,-0.8167388229963951,-4.242528846987895,-2.108,True,False,1.0,False,False,0.0,1.0,-0.015515435235704662,-0.0,1.0549265352706143,113.54000091552734,88.48999786376953,,
2022-08-30 00:00:00,86.94000244140625,112.55999755859375,-0.8121342620475132,-4.4738281119121694,-2.02,False,False,1.0,False,False,0.0,1.0,-0.0012968561484805084,-0.0012968561484805084,1.0536296791221338,112.55999755859375,86.94000244140625,,
2022-08-31 00:00:00,84.87000274658203,113.12000274658203,-0.8060047222729233,-6.305253650689139,-2.459,False,False,1.0,False,False,0.0,1.0,-0.010403151710438522,-0.010403151710438522,1.0432265274116952,113.12000274658203,84.87000274658203,,
2022-09-01 00:00:00,82.33000183105469,113.4000015258789,-0.7981883222579762,-8.184555130938534,-2.727,False,False,1.0,False,False,0.0,1.0,-0.010872783577176654,-0.010872783577176654,1.0323537438345185,113.4000015258789,82.33000183105469,,
2022-09-02 00:00:00,80.23999786376953,113.63999938964844,-0.789163590803982,-9.440552113527758,-2.689,False,False,1.0,False,False,0.0,1.0,-0.007391672158237189,-0.007391672158237189,1.0249620716762813,113.63999938964844,80.23999786376953,,
2022-09-06 00:00:00,78.72000122070312,113.69999694824219,-0.7796074887361935,-9.92136786942882,-2.473,False,False,1.0,False,False,0.0,1.0,-0.002872919569241446,-0.002872919569241446,1.0220891521070399,113.69999694824219,78.72000122070312,,
2022-09-07 00:00:00,79.61000061035156,116.06999969482422,-0.7700988986741581,-9.775378323742444,-2.175,False,False,1.0,False,False,0.0,1.0,0.0008638670837032037,0.0008638670837032037,1.022953019190743,116.06999969482422,79.61000061035156,,
2022-09-08 00:00:00,82.77999877929688,118.58000183105469,-0.7623322868145453,-7.617365187044015,-1.52,False,False,1.0,False,False,0.0,1.0,0.01246128883408457,0.01246128883408457,1.0354143080248277,118.58000183105469,82.77999877929688,,
2022-09-09 00:00:00,85.44999694824219,123.4800033569336,-0.7546911668377182,-7.739270866327388,-1.447,False,False,1.0,False,False,0.0,1.0,-0.0006824125672775962,-0.0006824125672775962,1.03473189545755,123.4800033569336,85.44999694824219,,
2022-09-12 00:00:00,84.63999938964844,124.79000091552734,-0.746495738007587,-8.515204439755593,-1.518,True,False,1.0,False,False,0.0,1.0,-0.00436419858004952,-0.00436419858004952,1.0303676968775006,124.79000091552734,84.63999938964844,,
2022-09-13 00:00:00,77.02999877929688,121.54000091552734,-0.7352790864079966,-12.33582205589913,-2.153,False,False,1.0,False,False,0.0,1.0,-0.02296101924312265,-0.02296101924312265,1.007406677634378,121.54000091552734,77.02999877929688,,
2022-09-14 00:00:00,77.44999694824219,126.80000305175781,-0.7223318335607434,-14.141681751641883,-2.261,False,False,1.0,False,False,0.0,1.0,-0.010682925904625998,-0.010682925904625998,0.9967237517297519,126.80000305175781,77.44999694824219,,
2022-09-15 00:00:00,76.66000366210938,125.04000091552734,-0.71078850741772,-12.216991956148647,-1.731,False,False,1.0,False,False,0.0,1.0,0.011626946264946,0.011626946264946,1.008350697994698,125.04000091552734,76.66000366210938,,
2022-09-16 00:00:00,76.51000213623047,118.75,-0.7034998385904631,-7.030603696387018,-0.69,False,False,1.0,False,False,0.0,1.0,0.032404677030474636,0.032404677030474636,1.0407553750251726,118.75,76.51000213623047,,
2022-09-19 00:00:00,76.7699966430664,118.77999877929688,-0.6974278906129247,-6.070487352584379,-0.459,False,False,1.0,False,False,0.0,1.0,0.006015371546783881,0.006015371546783881,1.0467707465719565,118.77999877929688,76.7699966430664,,
2022-09-20 00:00:00,75.25,116.70999908447266,-0.6919318720794615,-5.505368156911402,-0.307,False,False,1.0,False,False,0.0,1.0,0.003622434294085164,0.003622434294085164,1.0503931808660416,116.70999908447266,75.25,,
2022-09-21 00:00:00,74.4800033569336,114.01000213623047,-0.6877216980416835,-3.9271489059307925,0.054,False,True,0.0,False,False,0.0,0.0,0.010322772011700893,0.010322772011700893,1.0607159528777426,,,,
2022-09-22 00:00:00,69.5,103.72000122070312,-0.6854627133039338,-1.596193460630488,0.603,False,False,0.0,False,False,0.0,0.0,0.016579079332990722,0.0,1.0607159528777426,,,,
2022-09-23 00:00:00,67.95999908447266,101.75,-0.6834149102461403,-1.5774680330721225,0.671,False,False,0.0,False,False,0.0,0.0,0.00013618743730777733,0.0,1.0607159528777426,,,,
2022-09-26 00:00:00,66.30000305175781,103.2300033569336,-0.6795630930593525,-3.8512973260073267,0.2,False,False,0.0,False,False,0.0,0.0,-0.01666403497647522,-0.0,1.0607159528777426,,,,
2022-09-27 00:00:00,67.16999816894531,106.37000274658203,-0.674854697754245,-4.614297884717516,0.045,False,False,0.0,False,False,0.0,0.0,-0.005491018201192428,-0.0,1.0607159528777426,,,,
2022-09-28 00:00:00,68.36000061035156,110.69000244140625,-0.669136687694971,-5.706740984239275,-0.187,False,False,0.0,False,True,0.0,0.0,-0.0076702105419908274,-0.0,1.0607159528777426,,,,
2022-09-29 00:00:00,64.13999938964844,106.66000366210938,-0.6626226276521596,-6.535332502327449,-0.369,False,False,0.0,False,False,0.0,0.0,-0.006146122330532845,-0.0,1.0607159528777426,,,,
2022-09-30 00:00:00,63.36000061035156,105.04000091552734,-0.656722450000433,-5.622126138941269,-0.126,False,False,0.0,False,False,0.0,0.0,0.006900345200772767,0.0,1.0607159528777426,,,,
2022-10-03 00:00:00,66.11000061035156,105.0,-0.6534054682402259,-2.4975735548721616,0.633,False,True,0.0,False,False,0.0,0.0,0.02319335535303593,0.0,1.0607159528777426,,,,
2022-10-04 00:00:00,67.9000015258789,110.80999755859375,-0.6491315899936305,-4.030268376521377,0.27,False,False,0.0,False,False,0.0,0.0,-0.010961108821385327,-0.0,1.0607159528777426,,,,
2022-10-05 00:00:00,67.94000244140625,111.76000213623047,-0.6446750861730788,-4.108886566471597,0.266,False,False,0.0,False,False,0.0,0.0,-0.000561603061045039,-0.0,1.0607159528777426,,,,
2022-10-06 00:00:00,67.8499984741211,111.58000183105469,-0.6405923231717481,-3.627294118342135,0.429,False,False,0.0,False,False,0.0,0.0,0.0034565550255284093,0.0,1.0607159528777426,,,,
2022-10-07 00:00:00,58.439998626708984,108.54000091552734,-0.6312859787383317,-10.079782083509116,-1.166,False,False,0.0,False,True,0.0,0.0,-0.050823087428683265,-0.0,1.0607159528777426,,,,
2022-10-10 00:00:00,57.810001373291016,110.98999786376953,-0.6205141847156288,-11.060866662735322,-1.358,False,False,0.0,False,False,0.0,0.0,-0.007744536201880907,-0.0,1.0607159528777426,,,,
2022-10-11 00:00:00,57.630001068115234,106.81999969482422,-0.6122606441513496,-7.771680753284812,-0.431,False,False,0.0,False,False,0.0,0.0,0.026734462475037905,0.0,1.0607159528777426,,,,
2022-10-12 00:00:00,57.849998474121094,112.3499984741211,-0.6025788638773647,-9.849735963038455,-0.958,False,False,0.0,False,False,0.0,0.0,-0.016551649785046495,-0.0,1.0607159528777426,,,,
2022-10-13 00:00:00,58.939998626708984,112.6500015258789,-0.5942499218989407,-8.002255981960104,-0.384,False,False,0.0,False,False,0.0,0.0,0.014676254464748755,0.0,1.0607159528777426,,,,
2022-10-14 00:00:00,55.939998626708984,109.16000366210938,-0.5860752870645196,-8.035981855525783,-0.349,False,False,0.0,False,False,0.0,0.0,-0.0002812458674505666,-0.0,1.0607159528777426,,,,
2022-10-17 00:00:00,57.959999084472656,116.5,-0.5769050652946964,-9.249441022359477,-0.692,False,False,0.0,False,False,0.0,0.0,-0.009694532265013054,-0.0,1.0607159528777426,,,,
2022-10-18 00:00:00,57.91999816894531,117.94000244140625,-0.5678161848860653,-9.04824406278722,-0.588,False,False,0.0,False,False,0.0,0.0,0.0016110160486428437,0.0,1.0607159528777426,,,,
2022-10-19 00:00:00,57.22999954223633,116.87000274658203,-0.5595065649471076,-8.159534239862808,-0.284,False,False,0.0,False,False,0.0,0.0,0.007247701885911806,0.0,1.0607159528777426,,,,
2022-10-20 00:00:00,57.77000045776367,117.0,-0.552376623828485,-6.858064530169074,0.123,False,True,0.0,False,False,0.0,0.0,0.010633090522751349,0.0,1.0607159528777426,,,,
2022-10-21 00:00:00,58.81999969482422,119.94999694824219,-0.5455987319695376,-6.624566539886615,0.173,False,False,0.0,False,False,0.0,0.0,0.0018790391978262327,0.0,1.0607159528777426,,,,
2022-10-24 00:00:00,58.70000076293945,116.38999938964844,-0.5408162399931074,-4.245601079770275,0.892,False,False,0.0,False,False,0.0,0.0,0.019556526575222558,0.0,1.0607159528777426,,,,
2022-10-25 00:00:00,61.470001220703125,118.44999694824219,-0.5378877069827148,-2.2427960298964322,1.441,False,False,0.0,False,False,0.0,0.0,0.015999043593301454,0.0,1.0607159528777426,,,,
2022-10-26 00:00:00,59.72999954223633,115.30999755859375,-0.5353793117137283,-2.0045875843952885,1.419,False,False,0.0,False,False,0.0,0.0,0.0019611349450398934,0.0,1.0607159528777426,,,,
2022-10-27 00:00:00,58.599998474121094,112.05999755859375,-0.5335728662975189,-1.1921756205107386,1.552,False,False,0.0,True,False,-1.0,-1.0,0.006862041182771306,0.0,1.0607159528777426,,,112.05999755859375,58.599998474121094
2022-10-28 00:00:00,62.0099983215332,115.20999908447266,-0.5332599745781225,0.5731171386018019,1.894,False,False,0.0,False,False,-1.0,-1.0,0.014300019297358559,-0.014300019297358559,1.046415933580384,,,115.20999908447266,62.0099983215332
2022-10-31 00:00:00,60.060001373291016,106.91000366210938,-0.534958999176005,2.86753281230596,2.317,False,False,0.0,False,False,-1.0,-1.0,0.01956816496053563,-0.01956816496053563,1.0268477686198483,,,106.91000366210938,60.060001373291016
2022-11-01 00:00:00,59.65999984741211,109.05000305175781,-0.5356059195560188,1.2521726852887127,1.819,False,False,0.0,False,False,-1.0,-1.0,-0.013681628331203097,0.013681628331203097,1.0405293969510514,,,109.05000305175781,59.65999984741211
2022-11-02 00:00:00,58.630001068115234,94.41000366210938,-0.5411881803980562,7.536422974844442,3.061,False,False,0.0,False,False,-1.0,-1.0,0.05727347155083768,-0.05727347155083768,0.9832559254002137,,,94.41000366210938,58.630001068115234
2022-11-03 00:00:00,60.11000061035156,92.0199966430664,-0.5491077203917423,9.58111002322159,2.959,False,False,0.0,False,False,-1.0,-1.0,0.018480726137498495,-0.018480726137498495,0.9647751992627152,,,92.0199966430664,60.11000061035156
2022-11-04 00:00:00,62.189998626708984,96.08999633789062,-0.5567050722178117,8.69621027601432,2.424,False,False,0.0,False,False,-1.0,-1.0,-0.007649297886315886,0.007649297886315886,0.9724244971490311,,,96.08999633789062,62.189998626708984
2022-11-07 00:00:00,63.08000183105469,95.45999908447266,-0.5647318527554522,9.170699684046667,2.238,False,False,0.0,False,False,-1.0,-1.0,0.004055835806334241,-0.004055835806334241,0.9683686613426968,,,95.45999908447266,63.08000183105469
2022-11-08 00:00:00,63.849998474121094,98.9000015258789,-0.5713591305161603,7.342579594248001,1.759,False,False,0.0,False,False,-1.0,-1.0,-0.015189093700987416,0.015189093700987416,0.9835577550436843,,,98.9000015258789,63.849998474121094
2022-11-09 00:00:00,59.91999816894531,95.79000091552734,-0.575673006333525,4.776280365212571,1.259,False,False,0.0,False,False,-1.0,-1.0,-0.022303288289809785,0.022303288289809785,1.005861043333494,,,95.79000091552734,59.91999816894531
2022-11-10 00:00:00,68.47000122070312,102.4000015258789,-0.5831117585463086,8.75935625580319,1.777,False,False,0.0,True,False,-1.0,-1.0,0.031073925815783485,-0.031073925815783485,0.9747871175177105,,,102.4000015258789,68.47000122070312
2022-11-11 00:00:00,72.37000274658203,109.56999969482422,-0.5900973244355942,7.713039088257389,1.503,False,False,0.0,False,False,-1.0,-1.0,-0.007635848585117147,0.007635848585117147,0.9824229661028278,,,109.56999969482422,72.37000274658203
2022-11-14 00:00:00,73.52999877929688,105.16000366210938,-0.5993638105216057,10.500898269908987,1.771,False,False,0.0,False,False,-1.0,-1.0,0.020415037856672497,-0.020415037856672497,0.9620079282461552,,,105.16000366210938,73.52999877929688
2022-11-15 00:00:00,76.37000274658203,107.01000213623047,-0.6094896266611295,11.148516495564252,1.718,False,False,0.0,False,False,-1.0,-1.0,0.004573849955531175,-0.004573849955531175,0.957434078290624,,,107.01000213623047,76.37000274658203
2022-11-16 00:00:00,72.69999694824219,104.43000030517578,-0.6172413513326073,8.241482440210902,1.233,False,False,0.0,False,False,-1.0,-1.0,-0.021194704028850014,0.021194704028850014,0.978628782319474,,,104.43000030517578,72.69999694824219
2022-11-17 00:00:00,73.9000015258789,99.30000305175781,-0.6275235761854561,11.586908495613145,1.569,False,False,0.0,True,False,-1.0,-1.0,0.02456023825244875,-0.02456023825244875,0.9540685440670253,,,99.30000305175781,73.9000015258789
2022-11-18 00:00:00,73.56999969482422,97.7699966430664,-0.6378654558902792,11.205896213703596,1.42,False,False,0.0,False,False,-1.0,-1.0,-0.0028029190100764424,0.0028029190100764424,0.9568714630771017,,,97.7699966430664,73.56999969482422
2022-11-21 00:00:00,72.45999908447266,95.70999908447266,-0.647642028133625,10.474181164737388,1.246,False,False,0.0,False,False,-1.0,-1.0,-0.005442453066005816,0.005442453066005816,0.9623139161431076,,,95.70999908447266,72.45999908447266
2022-11-22 00:00:00,75.25,95.27999877929688,-0.6591096268309484,12.450035560124412,1.397,False,False,0.0,False,False,-1.0,-1.0,0.014312603436037546,-0.014312603436037546,0.94800131270707,,,95.27999877929688,75.25
2022-11-23 00:00:00,76.4000015258789,96.62999725341797,-0.6701828868304698,11.640231012162886,1.219,False,False,0.0,False,False,-1.0,-1.0,-0.005736794104019795,0.005736794104019795,0.9537381068110898,,,96.62999725341797,76.4000015258789
2022-11-25 00:00:00,75.13999938964844,97.66999816894531,-0.6788159275143936,8.840048992266702,0.832,False,False,0.0,False,False,-1.0,-1.0,-0.019797674024294346,0.019797674024294346,0.9735357808353842,,,97.66999816894531,75.13999938964844
2022-11-28 00:00:00,73.19000244140625,95.30000305175781,-0.6862196535367372,7.793267365179005,0.659,False,False,0.0,False,False,-1.0,-1.0,-0.0075532597551371495,0.0075532597551371495,0.9810890405905213,,,95.30000305175781,73.19000244140625
2022-11-29 00:00:00,73.38999938964844,95.37999725341797,-0.6930442923092914,7.287436692691216,0.551,False,False,0.0,False,False,-1.0,-1.0,-0.0036262196702196805,0.0036262196702196805,0.984715260260741,,,95.37999725341797,73.38999938964844
2022-11-30 00:00:00,77.62999725341797,102.13999938964844,-0.6989048041245309,6.243860986716015,0.369,False,False,0.0,False,False,-1.0,-1.0,-0.007003105511620987,0.007003105511620987,0.9917183657723619,,,102.13999938964844,77.62999725341797
2022-12-01 00:00:00,77.4800033569336,101.2699966430664,-0.7045203156599987,6.133233355073443,0.309,False,False,0.0,False,False,-1.0,-1.0,-0.0007433315198997788,0.0007433315198997788,0.9924616972922617,,,101.2699966430664,77.4800033569336
2022-12-02 00:00:00,74.9800033569336,101.0,-0.7077761681695,3.4946103718141046,-0.117,False,False,0.0,False,True,0.0,0.0,-0.018015333649848173,0.018015333649848173,1.0104770309421098,,,,
2022-12-05 00:00:00,73.62000274658203,98.51000213623047,-0.71078776181825,3.6002988114597514,-0.168,False,False,0.0,False,False,0.0,0.0,0.0007357884674593849,0.0,1.0104770309421098,,,,
2022-12-06 00:00:00,70.2699966430664,93.12000274658203,-0.7139331666125494,3.7885382072298057,-0.214,False,False,0.0,False,False,0.0,0.0,0.0013765074430940698,0.0,1.0104770309421098,,,,
2022-12-07 00:00:00,70.13999938964844,91.5,-0.7177176221931982,4.4688369589707975,-0.176,False,False,0.0,False,False,0.0,0.0,0.005009151991800245,0.0,1.0104770309421098,,,,
2022-12-08 00:00:00,70.47000122070312,94.83000183105469,-0.7196278372894535,2.2276920928663344,-0.7,False,False,0.0,False,False,0.0,0.0,-0.01615678421383927,-0.0,1.0104770309421098,,,,
2022-12-09 00:00:00,68.58999633789062,94.69999694824219,-0.7196716981063839,0.4370887234798033,-1.203,False,False,0.0,False,False,0.0,0.0,-0.013094671223386685,-0.0,1.0104770309421098,,,,
2022-12-12 00:00:00,70.66999816894531,95.58000183105469,-0.7206525035151917,1.7900305634091467,-1.01,False,False,0.0,False,False,0.0,0.0,0.00969503526869905,0.0,1.0104770309421098,,,,
2022-12-13 00:00:00,71.6500015258789,93.33999633789062,-0.7238331162694475,4.087421104044722,-0.543,False,False,0.0,False,False,0.0,0.0,0.016502750746325883,0.0,1.0104770309421098,,,,
2022-12-14 00:00:00,68.93000030517578,93.93000030517578,-0.7244679210606003,0.8807282588635275,-1.423,False,False,0.0,False,False,0.0,0.0,-0.023410058982886398,-0.0,1.0104770309421098,,,,
2022-12-15 00:00:00,66.52999877929688,90.61000061035156,-0.7247092361049944,0.8640944534959232,-1.485,False,False,0.0,False,False,0.0,0.0,-0.00012582693545638962,-0.0,1.0104770309421098,,,,
2022-12-16 00:00:00,65.41000366210938,89.56999969482422,-0.7245721466748514,0.5100767055648134,-1.578,True,False,1.0,False,False,0.0,1.0,-0.002716736523842734,-0.0,1.0104770309421098,89.56999969482422,65.41000366210938,,
2022-12-19 00:00:00,64.58999633789062,85.93000030517578,-0.7259240734635048,2.2113404836372084,-1.111,False,False,1.0,False,False,0.0,1.0,0.013399085118252971,0.013399085118252971,1.0238761160603629,85.93000030517578,64.58999633789062,,
2022-12-20 00:00:00,65.05000305175781,87.62000274658203,-0.7267479829177577,1.3723427924309348,-1.337,False,False,1.0,False,False,0.0,1.0,-0.006517617655955912,-0.006517617655955912,1.017358498404407,87.62000274658203,65.05000305175781,,
2022-12-21 00:00:00,67.68000030517578,87.06999969482422,-0.7300223357208108,4.116955756749924,-0.575,False,False,1.0,False,False,0.0,1.0,0.020912445054749658,0.020912445054749658,1.0382709434591566,87.06999969482422,67.68000030517578,,
2022-12-22 00:00:00,63.86000061035156,84.87000274658203,-0.7315328925691125,1.7748020087958878,-1.128,False,False,1.0,False,False,0.0,1.0,-0.01859660997489297,-0.01859660997489297,1.0196743334842637,84.87000274658203,63.86000061035156,,
2022-12-23 00:00:00,64.5199966430664,85.25,-0.7330124575383782,2.030684637919663,-1.001,False,False,1.0,False,False,0.0,1.0,0.0020146761827710725,0.0020146761827710725,1.0216890096670348,85.25,64.5199966430664,,
2022-12-27 00:00:00,63.27000045776367,83.48999786376953,-0.7344231274137135,1.9530151188897946,-0.963,False,False,1.0,False,False,0.0,1.0,-0.0006234159895050963,-0.0006234159895050963,1.0210655936775297,83.48999786376953,63.27000045776367,,
2022-12-28 00:00:00,62.56999969482422,82.48999786376953,-0.7357611129603345,1.8770670584815292,-0.931,False,False,1.0,False,False,0.0,1.0,-0.000616146792648239,-0.000616146792648239,1.0204494468848815,82.48999786376953,62.56999969482422,,
2022-12-29 00:00:00,64.81999969482422,85.2300033569336,-0.7372033310710593,1.9881573128952112,-0.871,False,False,1.0,False,False,0.0,1.0,0.0008702597048845311,0.0008702597048845311,1.021319706589766,85.2300033569336,64.81999969482422,,
2022-12-30 00:00:00,64.7699966430664,85.5,-0.7383395796903619,1.6419625795404613,-0.905,False,False,1.0,False,False,0.0,1.0,-0.0027068026883771694,-0.0027068026883771694,1.0186129039013887,85.5,64.7699966430664,,
2023-01-03 00:00:00,64.0199966430664,84.9000015258789,-0.7390756767608684,1.272470558328692,-0.943,False,False,1.0,False,False,0.0,1.0,-0.0029147214780330176,-0.0029147214780330176,1.0156981824233557,84.9000015258789,64.0199966430664,,
2023-01-04 00:00:00,64.66000366210938,88.72000122070312,-0.737764937350796,-0.7945024802452139,-1.383,False,False,1.0,False,False,0.0,1.0,-0.015885799682757534,-0.015885799682757534,0.9998123827405982,88.72000122070312,64.66000366210938,,
2023-01-05 00:00:00,62.33000183105469,87.70999908447266,-0.7348333946894149,-2.1222345443938195,-1.622,True,False,1.0,False,False,0.0,1.0,-0.010472540025567247,-0.010472540025567247,0.989339842715031,87.70999908447266,62.33000183105469,,
2023-01-06 00:00:00,63.959999084472656,88.5199966430664,-0.7327903329834848,-0.9065987312969384,-1.236,False,False,1.0,False,False,0.0,1.0,0.009436217693759442,0.009436217693759442,0.9987760604087904,88.5199966430664,63.959999084472656,,
2023-01-09 00:00:00,67.23999786376953,89.23999786376953,-0.7334826433462222,1.7840083384406427,-0.514,False,False,1.0,False,False,0.0,1.0,0.020276476498479457,0.020276476498479457,1.0190525369072698,89.23999786376953,67.23999786376953,,
2023-01-10 00:00:00,68.05000305175781,88.54000091552734,-0.735720113787032,2.90934350348212,-0.16,False,False,1.0,False,False,0.0,1.0,0.008449054483802785,0.008449054483802785,1.0275015913910726,88.54000091552734,68.05000305175781,,
2023-01-11 00:00:00,69.05999755859375,94.44000244140625,-0.7350784247569858,-0.36081067008105094,-1.048,False,False,1.0,False,False,0.0,1.0,-0.02361449411687217,-0.02361449411687217,1.0038870972742004,94.44000244140625,69.05999755859375,,
2023-01-12 00:00:00,70.80000305175781,98.48999786376953,-0.7329646792195196,-1.38968663879119,-1.373,False,False,1.0,False,False,0.0,1.0,-0.007195455483384797,-0.007195455483384797,0.9966916417908157,98.48999786376953,70.80000305175781,,
2023-01-13 00:00:00,71.0,100.37000274658203,-0.7298009407430466,-2.2501224268377342,-1.702,True,False,1.0,False,False,0.0,1.0,-0.005964887748937261,-0.005964887748937261,0.9907267540418784,100.37000274658203,71.0,,
2023-01-17 00:00:00,71.58999633789062,101.2699966430664,-0.7267228449300074,-2.0052237286108863,-1.584,False,False,1.0,False,False,0.0,1.0,0.0016868018954816898,0.0016868018954816898,0.9924135559373601,101.2699966430664,71.58999633789062,,
2023-01-18 00:00:00,70.52999877929688,101.11000061035156,-0.7231395188273876,-2.586638410709625,-1.756,False,False,1.0,False,False,0.0,1.0,-0.004047534271690042,-0.004047534271690042,0.9883660216656701,101.11000061035156,70.52999877929688,,
2023-01-19 00:00:00,67.70999908447266,99.0999984741211,-0.7186452239879618,-3.507741516168778,-2.04,False,False,1.0,False,False,0.0,1.0,-0.006630087753150481,-0.006630087753150481,0.9817359339125196,99.0999984741211,67.70999908447266,,
2023-01-20 00:00:00,70.06999969482422,101.27999877929688,-0.7150972887553,-2.355052837391071,-1.502,False,False,1.0,False,False,0.0,1.0,0.008089324230999341,0.008089324230999341,0.989825258143519,101.27999877929688,70.06999969482422,,
2023-01-23 00:00:00,76.52999877929688,105.22000122070312,-0.7150849555657995,1.2887588817570048,0.133,False,True,0.0,False,False,0.0,0.0,0.02400857864056026,0.02400857864056026,1.0138338367840791,,,,
2023-01-24 00:00:00,74.69999694824219,104.12999725341797,-0.714695026331917,0.27880581926818593,-0.297,False,False,0.0,False,True,0.0,0.0,-0.00677269994634067,-0.0,1.0138338367840791,,,,
2023-01-25 00:00:00,74.91000366210938,104.44000244140625,-0.7142792760042401,0.3106743323806427,-0.243,False,False,0.0,False,False,0.0,0.0,0.00021315400500246024,0.0,1.0138338367840791,,,,
2023-01-26 00:00:00,75.16000366210938,109.41999816894531,-0.7111735579018429,-2.656605741312603,-1.578,True,False,1.0,False,False,0.0,1.0,-0.019396952346056567,-0.0,1.0138338367840791,109.41999816894531,75.16000366210938,,
2023-01-27 00:00:00,75.4000015258789,115.94000244140625,-0.7044443404683747,-6.273277027859265,-2.883,False,False,1.0,False,False,0.0,1.0,-0.023025375701796316,-0.023025375701796316,0.9908084610822828,115.94000244140625,75.4000015258789,,
2023-01-30 00:00:00,72.44999694824219,109.4800033569336,-0.6992200493458808,-4.100616401380108,-1.776,False,False,1.0,False,False,0.0,1.0,0.014581555217363403,0.014581555217363403,1.0053900162996463,109.4800033569336,72.44999694824219,,
2023-01-31 00:00:00,75.1500015258789,111.11000061035156,-0.6959429988605721,-2.1762255022891566,-0.922,False,False,1.0,False,False,0.0,1.0,0.012620924043965509,0.012620924043965509,1.0180109403436117,111.11000061035156,75.1500015258789,,
2023-02-01 00:00:00,84.63999938964844,113.98999786376953,-0.6991917033394144,4.939138619623208,1.895,False,True,0.0,True,False,-1.0,-1.0,0.04329637872771916,0.04329637872771916,1.061307319071331,,,113.98999786376953,84.63999938964844
2023-02-02 00:00:00,88.30999755859375,118.5199966430664,-0.7033273456137188,4.951642917478992,1.858,False,False,0.0,False,False,-1.0,-1.0,7.283985484544985e-05,-7.283985484544985e-05,1.0612344792164854,,,118.5199966430664,88.30999755859375
2023-02-03 00:00:00,86.08999633789062,118.69999694824219,-0.7053148705514083,2.3691233558886324,0.831,False,False,0.0,False,False,-1.0,-1.0,-0.015208211181849408,0.015208211181849408,1.0764426903983348,,,118.69999694824219,86.08999633789062
2023-02-06 00:00:00,83.68000030517578,118.3499984741211,-0.705169501650736,0.22319086081444084,0.014,False,False,0.0,False,False,-1.0,-1.0,-0.012839376905003625,0.012839376905003625,1.0892820673033385,,,118.3499984741211,83.68000030517578
2023-02-07 00:00:00,85.91000366210938,119.69000244140625,-0.7057696147900906,1.4364367448130793,0.469,False,False,0.0,False,False,-1.0,-1.0,0.007120674134676715,-0.007120674134676715,1.0821613931686618,,,119.69000244140625,85.91000366210938
2023-02-08 00:00:00,84.69000244140625,116.36000061035156,-0.7072590715844369,2.3933364401644894,0.832,False,False,0.0,False,False,-1.0,-1.0,0.005730395751203694,-0.005730395751203694,1.0764309974174582,,,116.36000061035156,84.69000244140625
2023-02-09 00:00:00,83.20999908447266,114.94000244140625,-0.7083522681177684,1.7919876576407034,0.596,False,False,0.0,False,False,-1.0,-1.0,-0.003652773186386121,0.003652773186386121,1.0800837706038442,,,114.94000244140625,83.20999908447266
2023-02-10 00:00:00,81.4800033569336,108.87000274658203,-0.7112535073532561,4.045832057868495,1.458,False,False,0.0,False,False,-1.0,-1.0,0.014182777622617274,-0.014182777622617274,1.0659009929812269,,,108.87000274658203,81.4800033569336
2023-02-13 00:00:00,83.12999725341797,116.41999816894531,-0.7113012750432357,0.3203041153160058,0.052,False,False,0.0,False,False,-1.0,-1.0,-0.022451096140787278,0.022451096140787278,1.0883520891220142,,,116.41999816894531,83.12999725341797
2023-02-14 00:00:00,85.94999694824219,120.87000274658203,-0.7107611772926744,0.04029149671275434,-0.034,False,False,0.0,False,True,0.0,0.0,-0.001629309341825228,0.001629309341825228,1.0899813984638396,,,,
2023-02-15 00:00:00,85.18000030517578,137.00999450683594,-0.7011842562901166,-10.889250797412942,-3.347,True,False,1.0,False,False,0.0,1.0,-0.060301172055806276,-0.0,1.0899813984638396,137.00999450683594,85.18000030517578,,
2023-02-16 00:00:00,80.08000183105469,139.4199981689453,-0.6868364912540603,-15.678740521951227,-3.627,False,False,1.0,False,False,0.0,1.0,-0.027237965937272894,-0.027237965937272894,1.0627434325265666,139.4199981689453,80.08000183105469,,
2023-02-17 00:00:00,78.5,131.60000610351562,-0.6763167764421825,-10.503291907701225,-2.127,False,False,1.0,False,False,0.0,1.0,0.03089759344611455,0.03089759344611455,1.0936410259726812,131.60000610351562,78.5,,
2023-02-21 00:00:00,76.7699966430664,128.77999877929688,-0.6673882838912827,-9.17626574177001,-1.684,False,False,1.0,False,False,0.0,1.0,0.008155461377118159,0.008155461377118159,1.1017964873497994,128.77999877929688,76.7699966430664,,
2023-02-22 00:00:00,76.61000061035156,127.20999908447266,-0.6601198520014993,-7.363845158401389,-1.212,False,False,1.0,False,False,0.0,1.0,0.011286443962052565,0.011286443962052565,1.1130829313118518,127.20999908447266,76.61000061035156,,
2023-02-23 00:00:00,79.75,125.5199966430664,-0.6567054343718027,-2.679663917832144,-0.197,False,False,1.0,False,False,0.0,1.0,0.028882667082985643,0.028882667082985643,1.1419655983948376,125.5199966430664,79.75,,
2023-02-24 00:00:00,78.08999633789062,122.77999877929688,-0.6540821024990053,-2.218203408497189,-0.097,False,False,1.0,False,False,0.0,1.0,0.0029132939688872937,0.0029132939688872937,1.1448788923637248,122.77999877929688,78.08999633789062,,
2023-02-27 00:00:00,78.7699966430664,123.52999877929688,-0.6519023240104621,-1.759496646166781,0.006,False,True,0.0,False,False,0.0,0.0,0.002879524363357051,0.002879524363357051,1.1477584167270818,,,,
2023-02-28 00:00:00,78.58000183105469,123.27999877929688,-0.6499405189223906,-1.544664548313193,0.074,False,False,0.0,False,False,0.0,0.0,0.001353659601044295,0.0,1.1477584167270818,,,,
2023-03-01 00:00:00,78.29000091552734,120.83000183105469,-0.6490840637432305,-0.1388276950756051,0.403,False,False,0.0,False,False,0.0,0.0,0.008970439975135138,0.0,1.1477584167270818,,,,
2023-03-02 00:00:00,80.44000244140625,122.37999725341797,-0.6492113197908297,0.9895229085166619,0.639,False,False,0.0,False,False,0.0,0.0,0.007057021716737723,0.0,1.1477584167270818,,,,
2023-03-03 00:00:00,81.5199966430664,125.7300033569336,-0.6486584697321284,-0.03583493385750103,0.406,False,False,0.0,False,False,0.0,0.0,-0.006287613888374363,-0.0,1.1477584167270818,,,,
2023-03-06 00:00:00,81.16000366210938,126.33000183105469,-0.6475675794608406,-0.6472098369102781,0.262,False,False,0.0,False,False,0.0,0.0,-0.003751520788676769,-0.0,1.1477584167270818,,,,
2023-03-07 00:00:00,82.11000061035156,126.94000244140625,-0.6469095148059326,-0.00869477848245026,0.387,False,False,0.0,False,False,0.0,0.0,0.003887962785937205,0.0,1.1477584167270818,,,,
2023-03-08 00:00:00,85.37000274658203,125.0,-0.6494830644374401,4.184619691902014,1.226,False,False,0.0,False,False,0.0,0.0,0.025176696930041216,0.0,1.1477584167270818,,,,
2023-03-09 00:00:00,84.02999877929688,119.83999633789062,-0.6535450334459476,5.709164364487904,1.446,False,False,0.0,False,False,0.0,0.0,0.009390433314026492,0.0,1.1477584167270818,,,,
2023-03-10 00:00:00,82.66999816894531,118.30000305175781,-0.6571766367182743,4.926000039629528,1.213,False,False,0.0,False,False,0.0,0.0,-0.004882144594180062,-0.0,1.1477584167270818,,,,
2023-03-13 00:00:00,82.01000213623047,115.95999908447266,-0.6610942104186385,5.349518101334979,1.247,False,False,0.0,False,False,0.0,0.0,0.002669167227789844,0.0,1.1477584167270818,,,,
2023-03-14 00:00:00,87.44999694824219,116.36000061035156,-0.6683638331216918,9.679180918265217,1.925,False,False,0.0,True,False,-1.0,-1.0,0.02620531117651026,0.0,1.1477584167270818,,,116.36000061035156,87.44999694824219
2023-03-15 00:00:00,89.68000030517578,113.58000183105469,-0.6782824981804724,12.64067291986538,2.215,False,False,0.0,False,False,-1.0,-1.0,0.017763339395766773,-0.017763339395766773,1.129995077331315,,,113.58000183105469,89.68000030517578
2023-03-16 00:00:00,96.5999984741211,119.98999786376953,-0.6894897234979616,13.868128024509645,2.168,False,False,0.0,False,False,-1.0,-1.0,0.006844601085188513,-0.006844601085188513,1.1231504762461266,,,119.98999786376953,96.5999984741211
2023-03-17 00:00:00,97.83999633789062,118.1500015258789,-0.7016590543937091,14.938977990627137,2.111,False,False,0.0,False,False,-1.0,-1.0,0.005924775668560254,-0.005924775668560254,1.1172257005775663,,,118.1500015258789,97.83999633789062
2023-03-20 00:00:00,96.80999755859375,118.4000015258789,-0.7120718771608963,12.50068621620818,1.619,False,False,0.0,False,False,-1.0,-1.0,-0.013462351359522954,0.013462351359522954,1.1306880519370892,,,118.4000015258789,96.80999755859375
2023-03-21 00:00:00,95.93000030517578,123.69000244140625,-0.7181447329174175,7.1026765373373735,0.798,False,False,0.0,False,False,-1.0,-1.0,-0.0292167561202476,0.0292167561202476,1.1599048080573369,,,123.69000244140625,95.93000030517578
2023-03-22 00:00:00,97.58000183105469,121.16999816894531,-0.7256871956486475,9.648485663081019,1.124,False,False,0.0,False,False,-1.0,-1.0,0.013723186318582005,-0.013723186318582005,1.1461816217387548,,,121.16999816894531,97.58000183105469
2023-03-23 00:00:00,100.27999877929688,120.30000305175781,-0.7350769350306974,11.8502412518272,1.368,False,False,0.0,False,False,-1.0,-1.0,0.011667417900572175,-0.011667417900572175,1.1345142038381826,,,120.30000305175781,100.27999877929688
2023-03-24 00:00:00,97.94999694824219,116.91999816894531,-0.7439814874432819,10.96368279864447,1.185,False,False,0.0,False,False,-1.0,-1.0,-0.00479385820945514,0.00479385820945514,1.139308062047638,,,116.91999816894531,97.94999694824219
2023-03-27 00:00:00,96.61000061035156,117.91000366210938,-0.7506496663254965,8.1008957049511,0.764,False,False,0.0,False,False,-1.0,-1.0,-0.015464568531257147,0.015464568531257147,1.154772630578895,,,117.91000366210938,96.61000061035156
2023-03-28 00:00:00,94.55999755859375,116.61000061035156,-0.7557915632169133,6.427142910570922,0.52,False,False,0.0,False,False,-1.0,-1.0,-0.00916156693687855,0.00916156693687855,1.1639341975157735,,,116.61000061035156,94.55999755859375
2023-03-29 00:00:00,96.08999633789062,118.80000305175781,-0.7602711931186148,5.769776275235628,0.419,False,False,0.0,False,False,-1.0,-1.0,-0.003526451758002301,0.003526451758002301,1.1674606492737758,,,118.80000305175781,96.08999633789062
2023-03-30 00:00:00,97.87999725341797,122.27999877929688,-0.7636955624095644,4.495304814221996,0.24,False,False,0.0,False,False,-1.0,-1.0,-0.00666339125670225,0.00666339125670225,1.174124040530478,,,122.27999877929688,97.87999725341797
2023-03-31 00:00:00,98.01000213623047,124.4000015258789,-0.7656588653645735,2.7620381165748142,0.017,False,False,0.0,False,False,-1.0,-1.0,-0.00896866883225445,0.00896866883225445,1.1830927093627326,,,124.4000015258789,98.01000213623047
2023-04-03 00:00:00,96.55999755859375,121.45999908447266,-0.7678665485334846,3.294927276719534,0.075,False,False,0.0,False,False,-1.0,-1.0,0.0028072644261745677,-0.0028072644261745677,1.1802854449365578,,,121.45999908447266,96.55999755859375
2023-04-04 00:00:00,95.87000274658203,118.45999908447266,-0.7710493383030053,4.531498837124786,0.222,False,False,0.0,False,False,-1.0,-1.0,0.006605317154082225,-0.006605317154082225,1.1736801277824758,,,118.45999908447266,95.87000274658203
2023-04-05 00:00:00,92.55999755859375,115.33999633789062,-0.7734329151901558,3.3522479529571143,0.011,False,False,0.0,False,False,-1.0,-1.0,-0.006487679484205732,0.006487679484205732,1.1801678072666815,,,115.33999633789062,92.55999755859375
2023-04-06 00:00:00,92.47000122070312,109.69000244140625,-0.778601498800211,7.065200916425411,0.491,False,False,0.0,False,False,-1.0,-1.0,0.02087396827226732,-0.02087396827226732,1.159293838994414,,,109.69000244140625,92.47000122070312
2023-04-10 00:00:00,95.4800033569336,112.5999984741211,-0.7842026354074063,7.178787806657908,0.465,False,False,0.0,False,False,-1.0,-1.0,0.0006180549400417624,-0.0006180549400417624,1.1586757840543724,,,112.5999984741211,95.4800033569336
2023-04-11 00:00:00,94.02999877929688,114.25,-0.787447174413762,4.06415910252457,-0.148,False,False,0.0,False,True,0.0,0.0,-0.016927712769313454,0.016927712769313454,1.175603496823686,,,,
2023-04-12 00:00:00,92.33000183105469,112.41999816894531,-0.7900088515060886,3.517208191289626,-0.34,False,False,0.0,False,False,0.0,0.0,-0.0030194461215712685,-0.0,1.175603496823686,,,,
2023-04-13 00:00:00,92.08999633789062,113.94999694824219,-0.7912558829207194,1.9263908937959826,-0.719,False,False,0.0,False,False,0.0,0.0,-0.008728591818978728,-0.0,1.175603496823686,,,,
2023-04-14 00:00:00,91.75,114.6500015258789,-0.7916214674000597,0.9905975546646602,-0.963,False,False,0.0,False,False,0.0,0.0,-0.005127370571560598,-0.0,1.175603496823686,,,,
2023-04-17 00:00:00,89.87000274658203,116.16999816894531,-0.7896405962435981,-1.8625438731616413,-1.584,True,False,1.0,False,False,0.0,1.0,-0.015710910655064598,-0.0,1.175603496823686,116.16999816894531,89.87000274658203,,
2023-04-18 00:00:00,89.77999877929688,119.19000244140625,-0.7858018103549747,-3.8797209153740084,-1.956,False,False,1.0,False,False,0.0,1.0,-0.010996402845540935,-0.010996402845540935,1.164607093978145,119.19000244140625,89.77999877929688,,
2023-04-19 00:00:00,89.94000244140625,120.0999984741211,-0.7817089749518539,-3.9432442575181597,-1.876,False,False,1.0,False,False,0.0,1.0,-0.0003455675081428765,-0.0003455675081428765,1.164261526470002,120.0999984741211,89.94000244140625,,
2023-04-20 00:00:00,90.11000061035156,118.4000015258789,-0.7790241865770967,-2.126464269073267,-1.452,False,False,1.0,False,False,0.0,1.0,0.009963340849876543,0.009963340849876543,1.1742248673198785,118.4000015258789,90.11000061035156,,
2023-04-21 00:00:00,88.43000030517578,115.5,-0.7771271668219368,-1.3281874627579242,-1.273,False,False,1.0,False,False,0.0,1.0,0.004479964777394869,0.004479964777394869,1.1787048320972735,115.5,88.43000030517578,,
2023-04-24 00:00:00,87.56999969482422,116.12000274658203,-0.7745019078001758,-2.3651639661652126,-1.45,False,False,1.0,False,False,0.0,1.0,-0.005841951207518637,-0.005841951207518637,1.1728628808897548,116.12000274658203,87.56999969482422,,
2023-04-25 00:00:00,83.80000305175781,112.50499725341797,-0.7713133950605877,-2.976608341058096,-1.519,True,False,1.0,False,False,0.0,1.0,-0.003584573283294722,-0.003584573283294722,1.1692783076064601,112.50499725341797,83.80000305175781,,
2023-04-26 00:00:00,85.94000244140625,113.68000030517578,-0.769210426554518,-1.5038390840557412,-1.179,False,False,1.0,False,False,0.0,1.0,0.008494270419358017,0.008494270419358017,1.1777725780258181,113.68000030517578,85.94000244140625,,
2023-04-27 00:00:00,87.44000244140625,115.25,-0.767603456725534,-1.0262959462115475,-1.035,False,False,1.0,False,False,0.0,1.0,0.002714758570861837,0.002714758570861837,1.18048733659668,115.25,87.44000244140625,,
2023-04-28 00:00:00,89.37000274658203,119.66999816894531,-0.765128907244736,-2.192972182402656,-1.184,False,False,1.0,False,False,0.0,1.0,-0.006448112727592925,-0.006448112727592925,1.174039223869087,119.66999816894531,89.37000274658203,,
2023-05-01 00:00:00,89.69000244140625,121.41999816894531,-0.7620520314432339,-2.8383538210722605,-1.228,False,False,1.0,False,False,0.0,1.0,-0.00354180359904562,-0.00354180359904562,1.1704974202700413,121.41999816894531,89.69000244140625,,
2023-05-02 00:00:00,89.91000366210938,120.58000183105469,-0.7598071721210093,-1.707546543490409,-0.97,False,False,1.0,False,False,0.0,1.0,0.006229397430243255,0.006229397430243255,1.1767268177002848,120.58000183105469,89.91000366210938,,
2023-05-03 00:00:00,81.62000274658203,118.86000061035156,-0.7528346170229734,-7.8619202922623685,-1.907,True,False,1.0,False,False,0.0,1.0,-0.03596905014669424,-0.03596905014669424,1.1407577675535905,118.86000061035156,81.62000274658203,,
2023-05-04 00:00:00,86.61000061035156,117.62999725341797,-0.7502158570091146,-1.6378885891011947,-0.791,False,False,1.0,False,False,0.0,1.0,0.035594800497313284,0.035594800497313284,1.1763525680509037,117.62999725341797,86.61000061035156,,
2023-05-05 00:00:00,89.83999633789062,119.9000015258789,-0.749362482755992,-0.008566487989227767,-0.452,False,False,1.0,False,False,0.0,1.0,0.009067478245106198,0.009067478245106198,1.1854200462960098,119.9000015258789,89.83999633789062,,
2023-05-08 00:00:00,95.04000091552734,125.6500015258789,-0.7494020816725094,0.8776282098797026,-0.226,False,False,1.0,False,False,0.0,1.0,0.004683845561278677,0.004683845561278677,1.1901038918572886,125.6500015258789,95.04000091552734,,
2023-05-09 00:00:00,95.05999755859375,127.06999969482422,-0.7487881920752645,-0.0885177798980834,-0.389,False,False,1.0,False,False,0.0,1.0,-0.005079404570606836,-0.005079404570606836,1.1850244872866817,127.06999969482422,95.05999755859375,,
2023-05-10 00:00:00,97.0199966430664,113.19000244140625,-0.7569504704442531,11.340771045457785,1.983,False,True,0.0,True,False,-1.0,-1.0,0.06255795008420853,0.06255795008420853,1.2475824373708901,,,113.19000244140625,97.0199966430664
2023-05-11 00:00:00,97.0999984741211,111.19999694824219,-0.7665175428332975,11.863250050284307,2.091,False,False,0.0,False,False,-1.0,-1.0,0.0028654619198560114,-0.0028654619198560114,1.2447169754510343,,,111.19999694824219,97.0999984741211
2023-05-12 00:00:00,95.26000213623047,105.2750015258789,-0.7774907630035995,13.409660874669768,2.322,False,False,0.0,False,False,-1.0,-1.0,0.00873134112168825,-0.00873134112168825,1.235985634329346,,,105.2750015258789,95.26000213623047
2023-05-15 00:00:00,97.4000015258789,105.77999877929688,-0.7891290911032952,13.925927232264684,2.25,False,False,0.0,False,False,-1.0,-1.0,0.002854286084149138,-0.002854286084149138,1.2331313482451969,,,105.77999877929688,97.4000015258789
2023-05-16 00:00:00,101.4800033569336,105.41000366210938,-0.8032197654126698,16.81260494330543,2.487,False,False,0.0,False,False,-1.0,-1.0,0.015507483228794977,-0.015507483228794977,1.217623865016402,,,105.41000366210938,101.4800033569336
2023-05-17 00:00:00,103.75,108.33000183105469,-0.8164979167047809,15.298779188318747,2.043,False,False,0.0,False,False,-1.0,-1.0,-0.007876254628319609,0.007876254628319609,1.2255001196447215,,,108.33000183105469,103.75
2023-05-18 00:00:00,107.93000030517578,111.87000274658203,-0.8296061100318942,15.121962497326535,1.858,False,False,0.0,False,False,-1.0,-1.0,-0.000880833013285979,0.000880833013285979,1.2263809526580074,,,111.87000274658203,107.93000030517578
2023-05-19 00:00:00,105.81999969482422,107.37999725341797,-0.8428609955456293,15.31358830812141,1.742,False,False,0.0,False,False,-1.0,-1.0,0.0009760572188899226,-0.0009760572188899226,1.2254048954391175,,,107.37999725341797,105.81999969482422
2023-05-22 00:00:00,108.0,109.93000030517578,-0.8551397366607193,13.994488487919185,1.454,False,False,0.0,False,False,-1.0,-1.0,-0.006530018960019007,0.006530018960019007,1.2319349143991365,,,109.93000030517578,108.0
2023-05-23 00:00:00,108.12000274658203,106.25,-0.8687912878960339,15.810928407628438,1.595,False,False,0.0,True,False,-1.0,-1.0,0.00906275649283195,-0.00906275649283195,1.2228721579063047,,,106.25,108.12000274658203
2023-05-24 00:00:00,108.2699966430664,105.70999908447266,-0.8820416375782718,15.02937594220053,1.399,False,False,0.0,False,False,-1.0,-1.0,-0.003878467922580859,0.003878467922580859,1.2267506258288854,,,105.70999908447266,108.2699966430664
2023-05-25 00:00:00,120.3499984741211,104.41999816894531,-0.9041804869185222,25.935473685692926,2.477,False,False,0.0,True,False,-1.0,-1.0,0.05078165414759732,-0.05078165414759732,1.1759689716812882,,,104.41999816894531,120.3499984741211
2023-05-26 00:00:00,127.02999877929688,106.80999755859375,-0.9290556725749088,27.797564659773187,2.383,False,False,0.0,False,False,-1.0,-1.0,0.008229784106108968,-0.008229784106108968,1.1677391875751792,,,106.80999755859375,127.02999877929688
2023-05-30 00:00:00,125.2699966430664,107.19000244140625,-0.9507082568467745,23.363576270595573,1.759,False,False,0.0,False,False,-1.0,-1.0,-0.01951781988389385,0.01951781988389385,1.1872570074590731,,,107.19000244140625,125.2699966430664
2023-05-31 00:00:00,118.20999908447266,109.7699966430664,-0.9630839005740901,12.49228255146349,0.626,False,False,0.0,False,False,-1.0,-1.0,-0.04854822766871191,0.04854822766871191,1.2358052351277848,,,109.7699966430664,118.20999908447266
2023-06-01 00:00:00,119.47000122070312,112.16000366210938,-0.9725821895565766,10.385179278335144,0.388,False,False,0.0,False,False,-1.0,-1.0,-0.009219246585861601,0.009219246585861601,1.2450244817136467,,,112.16000366210938,119.47000122070312
2023-06-02 00:00:00,117.86000061035156,118.05999755859375,-0.9753988353791228,2.7044164868371467,-0.394,False,False,0.0,False,True,0.0,0.0,-0.032962442406032307,0.032962442406032307,1.2779869241196788,,,,
2023-06-05 00:00:00,117.93000030517578,115.69000244140625,-0.9789848057661763,4.6712457359872275,-0.216,False,False,0.0,False,False,0.0,0.0,0.008507460712000984,0.0,1.2779869241196788,,,,
2023-06-06 00:00:00,124.2300033569336,117.30000305175781,-0.9858507019710043,8.5897130071572,0.15,False,True,0.0,False,False,0.0,0.0,0.016335775516917877,0.0,1.2779869241196788,,,,
2023-06-07 00:00:00,117.83000183105469,116.55000305175781,-0.9882558675102874,2.6487774568131357,-0.498,False,False,0.0,False,True,0.0,0.0,-0.025496349026161345,-0.0,1.2779869241196788,,,,
2023-06-08 00:00:00,121.05000305175781,115.5,-0.993111385758678,6.345637996630501,-0.135,False,False,0.0,False,False,0.0,0.0,0.015680984278269243,0.0,1.2779869241196788,,,,
2023-06-09 00:00:00,124.91999816894531,117.86000061035156,-0.998931486379778,7.185932574525282,-0.072,False,False,0.0,False,False,0.0,0.0,0.0034629322289620947,0.0,1.2779869241196788,,,,
2023-06-12 00:00:00,129.19000244140625,124.58999633789062,-1.0025107690429582,4.287189397648177,-0.418,False,False,0.0,False,False,0.0,0.0,-0.011408205979150769,-0.0,1.2779869241196788,,,,
2023-06-13 00:00:00,124.52999877929688,124.9000015258789,-1.0018771127323725,-0.6044541297195991,-0.978,False,False,0.0,False,False,0.0,0.0,-0.019592871529322133,-0.0,1.2779869241196788,,,,
2023-06-14 00:00:00,127.33000183105469,125.13999938964844,-1.0027118033861842,1.8506473673143233,-0.721,False,False,0.0,False,False,0.0,0.0,0.009711276247905501,0.0,1.2779869241196788,,,,
2023-06-15 00:00:00,124.23999786376953,127.8499984741211,-0.999446763798882,-3.5392693628827914,-1.311,False,False,0.0,False,False,0.0,0.0,-0.021386923449138975,-0.0,1.2779869241196788,,,,
2023-06-16 00:00:00,120.08000183105469,128.67999267578125,-0.9925260791019541,-7.63824675830665,-1.708,True,False,1.0,False,False,0.0,1.0,-0.016541591348887687,-0.0,1.2779869241196788,128.67999267578125,120.08000183105469,,
2023-06-20 00:00:00,118.93000030517578,126.44999694824219,-0.986661111986979,-5.833294294526965,-1.481,False,False,1.0,False,False,0.0,1.0,0.007406656241749355,0.007406656241749355,1.2853935803614283,126.44999694824219,118.93000030517578,,
2023-06-21 00:00:00,112.11000061035156,127.45999908447266,-0.975942996702299,-12.283692855820973,-2.035,True,False,1.0,False,False,0.0,1.0,-0.027273986507825504,-0.027273986507825504,1.2581195938536027,127.45999908447266,112.11000061035156,,
2023-06-22 00:00:00,110.69999694824219,127.95999908447266,-0.9644288943126456,-12.70832348504291,-2.009,False,False,1.0,False,False,0.0,1.0,-0.001813821200251997,-0.001813821200251997,1.2563057726533509,127.95999908447266,110.69999694824219,,
2023-06-23 00:00:00,110.01000213623047,124.7300033569336,-0.9556019576944349,-9.182233254888715,-1.59,False,False,1.0,False,False,0.0,1.0,0.015384187642293167,0.015384187642293167,1.271689960295644,124.7300033569336,110.01000213623047,,
2023-06-26 00:00:00,107.51000213623047,123.12999725341797,-0.9471422707092301,-9.111623054793085,-1.512,False,False,1.0,False,False,0.0,1.0,0.0003150389837331233,0.0003150389837331233,1.272004999279377,123.12999725341797,107.51000213623047,,
2023-06-27 00:00:00,110.38999938964844,127.88999938964844,-0.9383440968796669,-9.61482658757238,-1.484,False,False,1.0,False,False,0.0,1.0,-0.002184092164301082,-0.002184092164301082,1.269820907115076,127.88999938964844,110.38999938964844,,
2023-06-28 00:00:00,110.16999816894531,127.62999725341797,-0.9303462513573061,-8.570091336515361,-1.335,False,False,1.0,False,False,0.0,1.0,0.00456395461497973,0.00456395461497973,1.2743848617300557,127.62999725341797,110.16999816894531,,
2023-06-29 00:00:00,111.23999786376953,125.0999984741211,-0.9255212056034834,-4.5427035449929605,-0.924,False,False,1.0,False,False,0.0,1.0,0.017740022493026905,0.017740022493026905,1.2921248842230826,125.0999984741211,111.23999786376953,,
2023-06-30 00:00:00,113.91000366210938,128.16000366210938,-0.9213209926319221,-4.166498127576006,-0.844,False,False,1.0,False,False,0.0,1.0,0.0016216694013485534,0.0016216694013485534,1.2937465536244313,128.16000366210938,113.91000366210938,,
2023-07-03 00:00:00,115.81999969482422,132.35000610351562,-0.9162352406731535,-5.443740000523761,-0.902,False,False,1.0,False,False,0.0,1.0,-0.005387302715205531,-0.005387302715205531,1.2883592509092257,132.35000610351562,115.81999969482422,,
2023-07-05 00:00:00,113.94999694824219,131.69000244140625,-0.9106882946612259,-5.9785467990547545,-0.895,False,False,1.0,False,False,0.0,1.0,-0.0022866860590993695,-0.0022866860590993695,1.286072564850126,131.69000244140625,113.94999694824219,,
2023-07-06 00:00:00,113.4800033569336,128.16000366210938,-0.907482676900231,-2.8229798379008315,-0.578,False,False,1.0,False,False,0.0,1.0,0.013732813767058434,0.013732813767058434,1.2998053786171846,128.16000366210938,113.4800033569336,,
2023-07-07 00:00:00,113.16999816894531,130.32000732421875,-0.9032405021509927,-4.540310686903084,-0.685,False,False,1.0,False,False,0.0,1.0,-0.00743818678661854,-0.00743818678661854,1.2923671918305661,130.32000732421875,113.16999816894531,,
2023-07-10 00:00:00,113.58000183105469,131.7100067138672,-0.8987215110862748,-4.790614428015431,-0.662,False,False,1.0,False,False,0.0,1.0,-0.0010791251309151125,-0.0010791251309151125,1.291288066699651,131.7100067138672,113.58000183105469,,
2023-07-11 00:00:00,111.31999969482422,137.5399932861328,-0.8895644757341463,-11.030692325232522,-1.154,False,False,1.0,False,False,0.0,1.0,-0.02670458092720963,-0.02670458092720963,1.2645834857724414,137.5399932861328,111.31999969482422,,
2023-07-12 00:00:00,114.58000183105469,137.02000427246094,-0.8833806423820847,-6.460817562347842,-0.696,False,False,1.0,False,False,0.0,1.0,0.01939503792209995,0.01939503792209995,1.2839785236945414,137.02000427246094,114.58000183105469,,
2023-07-13 00:00:00,115.91999816894531,140.08999633789062,-0.8771603957543794,-6.961398460028391,-0.695,False,False,1.0,False,False,0.0,1.0,-0.0020962226711621866,-0.0020962226711621866,1.281882301023379,140.08999633789062,115.91999816894531,,
2023-07-14 00:00:00,115.94000244140625,143.33999633789062,-0.8697027405255534,-8.72318520058002,-0.809,False,False,1.0,False,False,0.0,1.0,-0.007322374819473493,-0.007322374819473493,1.2745599262039056,143.33999633789062,115.94000244140625,,
2023-07-17 00:00:00,118.31999969482422,145.36000061035156,-0.8633132735522548,-7.171218275656145,-0.63,False,False,1.0,False,False,0.0,1.0,0.006365445116862342,0.006365445116862342,1.280925371320768,145.36000061035156,118.31999969482422,,
2023-07-18 00:00:00,117.93000030517578,146.52999877929688,-0.8567689691115684,-7.612355692881778,-0.667,False,False,1.0,False,False,0.0,1.0,-0.001811858331367267,-0.001811858331367267,1.2791135129894007,146.52999877929688,117.93000030517578,,
2023-07-19 00:00:00,116.43000030517578,145.53500366210938,-0.8504632684135875,-7.342174577885189,-0.625,False,False,1.0,False,False,0.0,1.0,0.0011248071121123656,0.0011248071121123656,1.280238320101513,145.53500366210938,116.43000030517578,,
2023-07-20 00:00:00,110.25,145.27999877929688,-0.8409991749574312,-11.930359111205277,-1.275,False,False,1.0,False,False,0.0,1.0,-0.019740039773052588,-0.019740039773052588,1.2604982803284606,145.27999877929688,110.25,,
2023-07-21 00:00:00,110.94999694824219,148.77000427246094,-0.8308102225125111,-12.649643404548314,-1.355,False,False,1.0,False,False,0.0,1.0,-0.003066661290206438,-0.003066661290206438,1.257431619038254,148.77000427246094,110.94999694824219,,
2023-07-24 00:00:00,110.61000061035156,147.6199951171875,-0.8219752732999426,-10.729985220634816,-0.977,False,False,1.0,False,False,0.0,1.0,0.00827617286539051,0.00827617286539051,1.2657077919036446,147.6199951171875,110.61000061035156,,
2023-07-25 00:00:00,113.0,148.64999389648438,-0.8150878997354594,-8.16281132077431,-0.503,False,False,1.0,False,False,0.0,1.0,0.010963200712276184,0.010963200712276184,1.2766709926159208,148.64999389648438,113.0,,
2023-07-26 00:00:00,110.08999633789062,150.1699981689453,-0.8064573871538657,-11.015708014337818,-0.978,False,False,1.0,False,False,0.0,1.0,-0.0123397480361772,-0.0123397480361772,1.2643312445797434,150.1699981689453,110.08999633789062,,
2023-07-27 00:00:00,111.0999984741211,148.5,-0.7999986088018729,-7.699794932957033,-0.305,False,False,1.0,False,False,0.0,1.0,0.014423297447325588,0.014423297447325588,1.2787545420270692,148.5,111.0999984741211,,
2023-07-28 00:00:00,112.95999908447266,153.3300018310547,-0.7931110520807569,-8.64771998329951,-0.449,False,False,1.0,False,False,0.0,1.0,-0.004041157316145401,-0.004041157316145401,1.2747133847109238,153.3300018310547,112.95999908447266,,
2023-07-31 00:00:00,114.4000015258789,152.19000244140625,-0.7883114962808804,-5.573127017696891,0.359,False,True,0.0,False,False,0.0,0.0,0.013118367983102359,0.013118367983102359,1.287831752694026,,,,
2023-08-01 00:00:00,117.5999984741211,148.91000366210938,-0.7876518340480926,0.31076098155246257,2.064,False,False,0.0,True,False,-1.0,-1.0,0.02504962807271323,0.0,1.287831752694026,,,148.91000366210938,117.5999984741211
2023-08-02 00:00:00,109.3499984741211,144.55999755859375,-0.7844255253604718,-4.046553556887332,0.913,False,False,0.0,False,False,-1.0,-1.0,-0.019561759895085122,0.019561759895085122,1.3073935125891112,,,144.55999755859375,109.3499984741211
2023-08-03 00:00:00,113.1500015258789,140.8800048828125,-0.7853614606976957,2.5082751080147716,2.768,False,False,0.0,True,False,-1.0,-1.0,0.02928986127025152,-0.02928986127025152,1.2781036513188595,,,140.8800048828125,113.1500015258789
2023-08-04 00:00:00,115.81999969482422,140.1699981689453,-0.7884967958338575,5.296405266573174,3.008,False,False,0.0,False,False,-1.0,-1.0,0.012318131508693573,-0.012318131508693573,1.265785519810166,,,140.1699981689453,115.81999969482422
2023-08-07 00:00:00,116.80999755859375,143.1999969482422,-0.7906739812961783,3.5854858499265276,2.292,False,False,0.0,False,False,-1.0,-1.0,-0.007437664123076635,0.007437664123076635,1.2732231839332426,,,143.1999969482422,116.80999755859375
2023-08-08 00:00:00,113.2300033569336,139.5500030517578,-0.7921689212952511,2.682827972673607,1.913,False,False,0.0,False,False,-1.0,-1.0,-0.004033735175010304,0.004033735175010304,1.277256919108253,,,139.5500030517578,113.2300033569336
2023-08-09 00:00:00,110.47000122070312,137.8699951171875,-0.7926132189055354,1.1924206003786963,1.496,False,False,0.0,False,False,-1.0,-1.0,-0.006782360742304409,0.006782360742304409,1.2840392798505573,,,137.8699951171875,110.47000122070312
2023-08-10 00:00:00,110.2300033569336,135.97000122070312,-0.7937213272652249,2.307713519782851,1.621,False,False,0.0,True,False,-1.0,-1.0,0.005112451045435072,-0.005112451045435072,1.2789268288051223,,,135.97000122070312,110.2300033569336
2023-08-11 00:00:00,107.56999969482422,133.67999267578125,-0.7942713494647504,1.391811515793492,1.34,False,False,0.0,False,False,-1.0,-1.0,-0.004284957983035091,0.004284957983035091,1.2832117867881574,,,133.67999267578125,107.56999969482422
2023-08-14 00:00:00,111.9800033569336,133.24000549316406,-0.7976898954897117,5.6957973000429405,2.01,False,False,0.0,True,False,-1.0,-1.0,0.019719155036037925,-0.019719155036037925,1.2634926317521193,,,133.24000549316406,111.9800033569336
2023-08-15 00:00:00,111.3499984741211,129.85000610351562,-0.8023616725121439,7.163330401192212,2.074,False,False,0.0,False,False,-1.0,-1.0,0.006808739898688749,-0.006808739898688749,1.2566838918534307,,,129.85000610351562,111.3499984741211
2023-08-16 00:00:00,107.19000244140625,128.8300018310547,-0.8046815497414663,3.522876914797223,1.323,False,False,0.0,False,False,-1.0,-1.0,-0.01726502452858604,0.01726502452858604,1.2739489163820168,,,128.8300018310547,107.19000244140625
2023-08-17 00:00:00,104.44000244140625,127.98999786376953,-0.8053313739514569,1.365641609732691,0.896,False,False,0.0,False,False,-1.0,-1.0,-0.010395595133941185,0.010395595133941185,1.284344511515958,,,127.98999786376953,104.44000244140625
2023-08-18 00:00:00,105.44999694824219,125.05999755859375,-0.8079436315212168,4.408568362717446,1.348,False,False,0.0,False,False,-1.0,-1.0,0.014736334669195038,-0.014736334669195038,1.2696081768467629,,,125.05999755859375,105.44999694824219
2023-08-21 00:00:00,108.22000122070312,124.0,-0.8128493836154143,7.42667765239176,1.718,False,False,0.0,True,False,-1.0,-1.0,0.014439793696028236,-0.014439793696028236,1.2551683831507345,,,124.0,108.22000122070312
2023-08-22 00:00:00,105.66000366210938,127.08000183105469,-0.8143174807442449,2.176536718070892,0.815,False,False,0.0,False,False,-1.0,-1.0,-0.025103059249732745,0.025103059249732745,1.2802714424004673,,,127.08000183105469,105.66000366210938
2023-08-23 00:00:00,109.43000030517578,128.1300048828125,-0.8172694248954414,4.713264902749515,1.165,False,False,0.0,False,False,-1.0,-1.0,0.011845747619250639,-0.011845747619250639,1.2684256947812167,,,128.1300048828125,109.43000030517578
2023-08-24 00:00:00,101.80000305175781,124.72000122070312,-0.8169702841170098,-0.0925317805938306,0.381,False,False,0.0,False,False,-1.0,-1.0,-0.02359338605755698,0.02359338605755698,1.2920190808387737,,,124.72000122070312,101.80000305175781
2023-08-25 00:00:00,102.25,125.79000091552734,-0.8161433706715,-0.4126753439695534,0.31,False,False,0.0,False,False,-1.0,-1.0,-0.0015623414356302015,0.0015623414356302015,1.293581422274404,,,125.79000091552734,102.25
2023-08-28 00:00:00,102.61000061035156,126.15499877929688,-0.815377075078021,-0.2538933007828348,0.294,False,False,0.0,False,False,-1.0,-1.0,0.0007727601774254351,-0.0007727601774254351,1.2928086620969785,,,126.15499877929688,102.61000061035156
2023-08-29 00:00:00,105.91999816894531,132.25,-0.8135930349987386,-1.677680709637869,0.038,False,False,0.0,False,False,-1.0,-1.0,-0.006668241377214416,0.006668241377214416,1.299476903474193,,,132.25,105.91999816894531
2023-08-30 00:00:00,106.58999633789062,130.61000061035156,-0.8131878451205398,0.3795313903664521,0.345,False,False,0.0,False,False,-1.0,-1.0,0.009667329138187922,-0.009667329138187922,1.289809574336005,,,130.61000061035156,106.58999633789062
2023-08-31 00:00:00,105.72000122070312,131.5500030517578,-0.8118651416268374,-1.0808606379231236,0.066,False,False,0.0,False,False,-1.0,-1.0,-0.0068717584105822275,0.0068717584105822275,1.2966813327465874,,,131.5500030517578,105.72000122070312
2023-09-01 00:00:00,109.44999694824219,132.69000244140625,-0.812413759902721,1.6508131633181051,0.491,False,False,0.0,False,False,-1.0,-1.0,0.012573919920077281,-0.012573919920077281,1.28410741282651,,,132.69000244140625,109.44999694824219
2023-09-05 00:00:00,110.77999877929688,142.2899932861328,-0.8088635924145939,-4.31319635477297,-0.558,False,False,0.0,False,True,0.0,0.0,-0.026404237770589815,0.026404237770589815,1.3105116505970997,,,,
2023-09-06 00:00:00,109.27999877929688,141.77000427246094,-0.8046169684570961,-4.790552276560206,-0.662,False,False,0.0,False,False,0.0,0.0,-0.0021372498171128443,-0.0,1.3105116505970997,,,,
2023-09-07 00:00:00,106.58999633789062,143.27000427246094,-0.798219439464215,-7.770906164508844,-1.253,False,False,0.0,False,False,0.0,0.0,-0.013488761093942989,-0.0,1.3105116505970997,,,,
2023-09-08 00:00:00,106.08999633789062,145.82000732421875,-0.7906558118538304,-9.203439937571048,-1.59,True,False,1.0,False,False,0.0,1.0,-0.006470826457750947,-0.0,1.3105116505970997,145.82000732421875,106.08999633789062,,
2023-09-11 00:00:00,105.31999969482422,147.3300018310547,-0.7825071462760229,-9.966779598835615,-1.753,False,False,1.0,False,False,0.0,1.0,-0.003460182251717723,-0.003460182251717723,1.307051468345382,147.3300018310547,105.31999969482422,,
2023-09-12 00:00:00,105.30999755859375,147.5,-0.7750340977988676,-9.007531866739214,-1.554,False,False,1.0,False,False,0.0,1.0,0.004367611588899795,0.004367611588899795,1.311419079934282,147.5,105.30999755859375,,
2023-09-13 00:00:00,107.70999908447266,144.71499633789062,-0.7712033490847593,-3.894690754097269,-0.659,False,False,1.0,False,False,0.0,1.0,0.023312807444630573,0.023312807444630573,1.3347318873789125,144.71499633789062,107.70999908447266,,
2023-09-14 00:00:00,106.62999725341797,144.1199951171875,-0.7676313757738729,-4.001032874912511,-0.72,False,False,1.0,False,False,0.0,1.0,-0.0004894670806669283,-0.0004894670806669283,1.3342424202982455,144.1199951171875,106.62999725341797,,
2023-09-15 00:00:00,101.48999786376953,142.75,-0.7618575772005302,-7.265171281606143,-1.417,False,False,1.0,False,False,0.0,1.0,-0.015525390919219796,-0.015525390919219796,1.3187170293790258,142.75,101.48999786376953,,
2023-09-18 00:00:00,102.37000274658203,142.5500030517578,-0.7570811375272235,-5.55191571835195,-1.061,False,False,1.0,False,False,0.0,1.0,0.008147034623983323,0.008147034623983323,1.3268640640030092,142.5500030517578,102.37000274658203,,
2023-09-19 00:00:00,101.61000061035156,141.85000610351562,-0.7526696424355471,-5.156192763061725,-0.932,False,False,1.0,False,False,0.0,1.0,0.0018990794856395962,0.0018990794856395962,1.3287631434886487,141.85000610351562,101.61000061035156,,
2023-09-20 00:00:00,100.33999633789062,138.00999450683594,-0.7496817283438937,-3.1235748727254133,-0.522,False,False,1.0,False,False,0.0,1.0,0.00997341663242737,0.00997341663242737,1.3387365601210761,138.00999450683594,100.33999633789062,,
2023-09-21 00:00:00,96.11000061035156,132.75,-0.7468712350994199,-3.037155849096422,-0.472,False,False,1.0,False,False,0.0,1.0,0.0004425908116551078,0.0004425908116551078,1.339179150932731,132.75,96.11000061035156,,
2023-09-22 00:00:00,96.19999694824219,132.1999969482422,-0.7446112042937786,-2.2376019870222876,-0.267,False,False,1.0,False,False,0.0,1.0,0.004107910696516609,0.004107910696516609,1.3432870616292476,132.1999969482422,96.19999694824219,,
2023-09-25 00:00:00,97.37999725341797,134.13999938964844,-0.742409766136237,-2.2068483229658966,-0.228,False,False,1.0,False,False,0.0,1.0,0.00015613624920091308,0.00015613624920091308,1.3434431978784487,134.13999938964844,97.37999725341797,,
2023-09-26 00:00:00,95.95999908447266,132.27999877929688,-0.7403672121587531,-1.9757748361186316,-0.15,False,False,1.0,False,False,0.0,1.0,0.0011917407134049804,0.0011917407134049804,1.3446349385918537,132.27999877929688,95.95999908447266,,
2023-09-27 00:00:00,98.06999969482422,134.02999877929688,-0.7390187321041497,-0.9806800669724964,0.08,False,True,0.0,False,False,0.0,0.0,0.0050481500565501,0.0050481500565501,1.3496830886484037,,,,
2023-09-28 00:00:00,102.76000213623047,136.47000122070312,-0.7396662220518264,1.8177519099048425,0.695,False,False,0.0,False,False,0.0,0.0,0.013737854856394007,0.0,1.3496830886484037,,,,
2023-09-29 00:00:00,102.81999969482422,137.2100067138672,-0.7401090637414653,1.2696300898637958,0.576,False,False,0.0,False,False,0.0,0.0,-0.0026820023955479748,-0.0,1.3496830886484037,,,,
2023-10-02 00:00:00,103.2699966430664,136.55999755859375,-0.74108648670933,2.0672278273334825,0.796,False,False,0.0,False,False,0.0,0.0,0.0039007529226693046,0.0,1.3496830886484037,,,,
2023-10-03 00:00:00,100.08000183105469,127.7300033569336,-0.7441608962934892,5.028328049388591,1.515,False,False,0.0,True,False,-1.0,-1.0,0.015174882359602267,0.0,1.3496830886484037,,,127.7300033569336,100.08000183105469
2023-10-04 00:00:00,104.06999969482422,127.41000366210938,-0.7498748470815113,8.528442682045153,2.161,False,False,0.0,False,False,-1.0,-1.0,0.017534629208786894,-0.017534629208786894,1.332148459439617,,,127.41000366210938,104.06999969482422
2023-10-05 00:00:00,102.91000366210938,124.98999786376953,-0.7557945108087604,8.443249370673684,1.977,False,False,0.0,False,False,-1.0,-1.0,-0.0004316278788585665,0.0004316278788585665,1.3325800873184754,,,124.98999786376953,102.91000366210938
2023-10-06 00:00:00,107.23999786376953,126.36000061035156,-0.7634135921403132,10.775055894968872,2.263,False,False,0.0,False,False,-1.0,-1.0,0.011446980746818191,-0.011446980746818191,1.3211331065716572,,,126.36000061035156,107.23999786376953
2023-10-09 00:00:00,106.97000122070312,127.7699966430664,-0.7697060181574306,8.624665864580209,1.82,False,False,0.0,False,False,-1.0,-1.0,-0.010473596693951885,0.010473596693951885,1.3316067032656091,,,127.7699966430664,106.97000122070312
2023-10-10 00:00:00,109.01000213623047,131.58999633789062,-0.7747881037222817,7.0556384047742,1.453,False,False,0.0,False,False,-1.0,-1.0,-0.007437405143530618,0.007437405143530618,1.3390441084091398,,,131.58999633789062,109.01000213623047
2023-10-11 00:00:00,108.30999755859375,130.0,-0.7796876361050572,6.9506048649363095,1.4,False,False,0.0,False,False,-1.0,-1.0,-0.000500948372633343,0.000500948372633343,1.339545056781773,,,130.0,108.30999755859375
2023-10-12 00:00:00,108.79000091552734,125.97000122070312,-0.7865401801618321,9.70953346040929,1.758,False,False,0.0,True,False,-1.0,-1.0,0.013272345115197638,-0.013272345115197638,1.3262727116665753,,,125.97000122070312,108.79000091552734
2023-10-13 00:00:00,105.08999633789062,124.08000183105469,-0.791575873258087,6.871260534608481,1.202,False,False,0.0,False,False,-1.0,-1.0,-0.01396040836962172,0.01396040836962172,1.3402331200361972,,,124.08000183105469,105.08999633789062
2023-10-16 00:00:00,106.45999908447266,125.19000244140625,-0.796388004936443,6.760182802172707,1.126,False,False,0.0,False,False,-1.0,-1.0,-0.0005387942952808681,0.0005387942952808681,1.340771914331478,,,125.19000244140625,106.45999908447266
2023-10-17 00:00:00,105.13999938964844,125.70999908447266,-0.7996537722481621,4.615524412436869,0.735,False,False,0.0,False,False,-1.0,-1.0,-0.010427947735447207,0.010427947735447207,1.3511998620669252,,,125.70999908447266,105.13999938964844
2023-10-18 00:00:00,102.16999816894531,122.16999816894531,-0.8024360178333981,4.1363913395432945,0.634,False,False,0.0,False,False,-1.0,-1.0,-0.002393228997537432,0.002393228997537432,1.3535930910644627,,,122.16999816894531,102.16999816894531
2023-10-19 00:00:00,102.4000015258789,119.97000122070312,-0.80629722439162,5.668522531366719,0.843,False,False,0.0,False,False,-1.0,-1.0,0.007694068199661348,-0.007694068199661348,1.3458990228648013,,,119.97000122070312,102.4000015258789
2023-10-20 00:00:00,101.80999755859375,116.48999786376953,-0.8114625669180873,7.282724871776821,1.059,False,False,0.0,False,False,-1.0,-1.0,0.008221578808712372,-0.008221578808712372,1.337677444056089,,,116.48999786376953,101.80999755859375
2023-10-23 00:00:00,100.01000213623047,120.38999938964844,-0.8130144687379789,2.1311907410898385,0.212,False,False,0.0,False,False,-1.0,-1.0,-0.026032467620360537,0.026032467620360537,1.3637099116764495,,,120.38999938964844,100.01000213623047
2023-10-24 00:00:00,101.66999816894531,122.01000213623047,-0.8143478924633591,2.3114100698560804,0.21,False,False,0.0,False,False,-1.0,-1.0,0.0008964860774872719,-0.0008964860774872719,1.3628134255989621,,,122.01000213623047,101.66999816894531
2023-10-25 00:00:00,96.05999755859375,118.5,-0.8136855390082142,-0.3617388138796258,-0.268,False,False,0.0,False,True,0.0,0.0,-0.013887805503108324,0.013887805503108324,1.3767012311020705,,,,
2023-10-26 00:00:00,93.66999816894531,115.47000122070312,-0.81293923274636,-0.2000960286343485,-0.299,False,False,0.0,False,False,0.0,0.0,0.0008619105557939343,0.0,1.3767012311020705,,,,
2023-10-27 00:00:00,96.43000030517578,114.08999633789062,-0.8149129905486856,3.456580197776745,0.293,False,True,0.0,False,False,0.0,0.0,0.019306284007151547,0.0,1.3767012311020705,,,,
2023-10-30 00:00:00,96.18000030517578,116.94999694824219,-0.8152132262569932,0.8408159822537584,-0.271,False,False,0.0,False,True,0.0,0.0,-0.013657974894799273,-0.0,1.3767012311020705,,,,
2023-10-31 00:00:00,98.5,118.29000091552734,-0.8161816840430647,1.9538678473092261,-0.084,False,False,0.0,False,False,0.0,0.0,0.005706608240680832,0.0,1.3767012311020705,,,,
2023-11-01 00:00:00,108.04000091552734,119.47000122070312,-0.8230993868568725,9.704316162976795,1.425,False,True,0.0,False,False,0.0,0.0,0.03755504574377487,0.0,1.3767012311020705,,,,
2023-11-02 00:00:00,107.83000183105469,115.5,-0.8321802150693073,11.713186990549701,1.758,False,False,0.0,True,False,-1.0,-1.0,0.009849973931233429,0.0,1.3767012311020705,,,115.5,107.83000183105469
2023-11-03 00:00:00,112.25,122.63999938964844,-0.8396776269964659,9.27193633765198,1.196,False,False,0.0,False,False,-1.0,-1.0,-0.011342622385562046,0.011342622385562046,1.3880438534876325,,,122.63999938964844,112.25
2023-11-06 00:00:00,111.75,118.16999816894531,-0.8486661953804003,11.463117245852303,1.597,False,False,0.0,True,False,-1.0,-1.0,0.010333961147414862,-0.010333961147414862,1.3777098923402176,,,118.16999816894531,111.75
2023-11-07 00:00:00,113.44999694824219,121.08000183105469,-0.8565239464221961,9.742075947100503,1.158,False,False,0.0,False,False,-1.0,-1.0,-0.007925298395764448,0.007925298395764448,1.385635190735982,,,121.08000183105469,113.44999694824219
2023-11-08 00:00:00,113.58999633789062,117.66000366210938,-0.8657722275582462,11.723232872834785,1.525,False,False,0.0,True,False,-1.0,-1.0,0.009195148611471828,-0.009195148611471828,1.3764400421245102,,,117.66000366210938,113.58999633789062
2023-11-09 00:00:00,113.48999786376953,115.5199966430664,-0.8756583455654372,12.333948723577137,1.575,False,False,0.0,False,False,-1.0,-1.0,0.0028452229112380504,-0.0028452229112380504,1.3735948192132723,,,115.5199966430664,113.48999786376953
2023-11-10 00:00:00,118.58999633789062,118.1500015258789,-0.8867922050871176,13.815495953710155,1.803,False,False,0.0,False,False,-1.0,-1.0,0.006632868033528548,-0.006632868033528548,1.3669619511797437,,,118.1500015258789,118.58999633789062
2023-11-13 00:00:00,116.79000091552734,119.1500015258789,-0.8952377368076251,10.122423208874437,0.911,False,False,0.0,False,False,-1.0,-1.0,-0.016526952308383896,0.016526952308383896,1.3834889034881277,,,119.1500015258789,116.79000091552734
2023-11-14 00:00:00,119.87999725341797,126.68000030517578,-0.9001148176744711,5.853451875722726,-0.166,False,False,0.0,False,True,0.0,0.0,-0.018250756413787768,0.018250756413787768,1.4017396599019154,,,,
2023-11-15 00:00:00,118.0,128.35000610351562,-0.9018187417076895,2.251558997553275,-1.079,False,False,0.0,False,False,0.0,0.0,-0.015409270165492778,-0.0,1.4017396599019154,,,,
2023-11-16 00:00:00,119.83000183105469,126.27999877929688,-0.9056298502394751,5.467065448318962,-0.307,False,False,0.0,False,False,0.0,0.0,0.0137301597362014,0.0,1.4017396599019154,,,,
2023-11-17 00:00:00,120.62000274658203,127.1500015258789,-0.9092988432939111,5.002653434281314,-0.458,False,False,0.0,False,False,0.0,0.0,-0.0019658703841291484,-0.0,1.4017396599019154,,,,
2023-11-20 00:00:00,121.52999877929688,129.6999969482422,-0.9116402880241532,3.290256204669575,-0.889,False,False,0.0,False,False,0.0,0.0,-0.007141840417152841,-0.0,1.4017396599019154,,,,
2023-11-21 00:00:00,119.16000366210938,126.81999969482422,-0.913814877630955,3.2700011598258243,-0.847,False,False,0.0,False,False,0.0,0.0,-8.617334317185397e-05,-0.0,1.4017396599019154,,,,
2023-11-22 00:00:00,122.51000213623047,129.0399932861328,-0.9166844432824348,4.2210477295626845,-0.567,False,False,0.0,False,False,0.0,0.0,0.003949546058632657,0.0,1.4017396599019154,,,,
2023-11-24 00:00:00,122.30999755859375,128.3699951171875,-0.9196407655393674,4.255716976738583,-0.517,False,False,0.0,False,False,0.0,0.0,0.00014423627106370876,0.0,1.4017396599019154,,,,
2023-11-27 00:00:00,122.6500015258789,129.0,-0.9221731991570499,3.689658834619479,-0.628,False,False,0.0,False,False,0.0,0.0,-0.0023428555757959613,-0.0,1.4017396599019154,,,,
2023-11-28 00:00:00,122.01000213623047,127.55999755859375,-0.9249074490526201,4.0288101931530775,-0.513,False,False,0.0,False,False,0.0,0.0,0.001413182512111349,0.0,1.4017396599019154,,,,
2023-11-29 00:00:00,123.8499984741211,126.4800033569336,-0.9293549710656123,6.3051786139595265,0.09,False,True,0.0,False,False,0.0,0.0,0.009430063315005139,0.0,1.4017396599019154,,,,
2023-11-30 00:00:00,121.16000366210938,126.33999633789062,-0.931831331167439,3.4324366948833926,-0.623,False,False,0.0,False,True,0.0,0.0,-0.012025497649409148,-0.0,1.4017396599019154,,,,
2023-12-01 00:00:00,121.38999938964844,135.02000427246094,-0.9285775279638259,-3.9865424033385466,-2.296,True,False,1.0,False,False,0.0,1.0,-0.03006476916467799,-0.0,1.4017396599019154,135.02000427246094,121.38999938964844,,
2023-12-04 00:00:00,118.56999969482422,133.6999969482422,-0.9240366096637626,-4.97369219728489,-2.253,False,False,1.0,False,False,0.0,1.0,-0.004077215904131955,-0.004077215904131955,1.3976624439977834,133.6999969482422,118.56999969482422,,
2023-12-05 00:00:00,118.37999725341797,133.7100067138672,-0.9196732937669054,-4.589525030719301,-1.974,False,False,1.0,False,False,0.0,1.0,0.0015917461418679603,0.0015917461418679603,1.3992541901396514,133.7100067138672,118.37999725341797,,
2023-12-06 00:00:00,116.81999969482422,135.30999755859375,-0.9137118963966248,-6.814354775861148,-2.189,False,False,1.0,False,False,0.0,1.0,-0.009252607435049612,-0.009252607435049612,1.3900015827046017,135.30999755859375,116.81999969482422,,
2023-12-07 00:00:00,128.3699951171875,139.83999633789062,-0.9131054224746622,0.6813361822226653,-0.708,False,False,1.0,False,False,0.0,1.0,0.029273335774689886,0.029273335774689886,1.4192749184792917,139.83999633789062,128.3699951171875,,
2023-12-08 00:00:00,128.9199981689453,140.67999267578125,-0.9128869467569722,0.4950691853581475,-0.703,False,False,1.0,False,False,0.0,1.0,-0.0007238028700449744,-0.0007238028700449744,1.4185511156092467,140.67999267578125,128.9199981689453,,
2023-12-11 00:00:00,134.41000366210938,142.91000366210938,-0.914984095093608,3.6496232815100313,-0.109,False,False,1.0,False,False,0.0,1.0,0.011896328873754644,0.011896328873754644,1.4304474444830013,142.91000366210938,134.41000366210938,,
2023-12-12 00:00:00,137.61000061035156,140.5500030517578,-0.9205595710203337,8.225350094118795,0.73,False,True,0.0,False,False,0.0,0.0,0.01713789693277179,0.01713789693277179,1.447585341415773,,,,
2023-12-13 00:00:00,138.19000244140625,144.50999450683594,-0.9238996280179671,4.677272271662048,0.026,False,False,0.0,False,False,0.0,0.0,-0.013058675517756413,-0.0,1.447585341415773,,,,
2023-12-14 00:00:00,138.0,147.25999450683594,-0.9249649164215664,1.789671488744176,-0.547,False,False,0.0,False,True,0.0,0.0,-0.010530605461126314,-0.0,1.447585341415773,,,,
2023-12-15 00:00:00,139.14999389648438,146.60000610351562,-0.9268565847509406,3.2728129149128335,-0.257,False,False,0.0,False,False,0.0,0.0,0.005392708654431208,0.0,1.447585341415773,,,,
2023-12-18 00:00:00,138.89999389648438,147.5,-0.9279403938962759,2.0287857967836658,-0.508,False,False,0.0,False,False,0.0,0.0,-0.004511084221717891,-0.0,1.447585341415773,,,,
2023-12-19 00:00:00,140.14999389648438,146.91000366210938,-0.9299828413576097,3.5262112669390433,-0.225,False,False,0.0,False,False,0.0,0.0,0.005410286657032876,0.0,1.447585341415773,,,,
2023-12-20 00:00:00,135.47000122070312,141.07000732421875,-0.9323796009695889,3.9392040829710595,-0.113,False,False,0.0,False,False,0.0,0.0,0.001546784948101893,0.0,1.447585341415773,,,,
2023-12-21 00:00:00,139.91000366210938,142.08999633789062,-0.9367724802142118,6.804005379035317,0.501,False,True,0.0,False,False,0.0,0.0,0.01049316258260736,0.0,1.447585341415773,,,,
2023-12-22 00:00:00,139.60000610351562,140.8000030517578,-0.9414872768877602,7.038594644527819,0.568,False,False,0.0,False,False,0.0,0.0,0.0008619490139105688,0.0,1.447585341415773,,,,
2023-12-26 00:00:00,143.41000366210938,138.72000122070312,-0.9494205966375577,11.706377337586673,1.531,False,False,0.0,True,False,-1.0,-1.0,0.016966744589447146,0.0,1.447585341415773,,,138.72000122070312,143.41000366210938
2023-12-27 00:00:00,146.07000732421875,136.5500030517578,-0.9598838989340475,14.997857995441393,2.07,False,False,0.0,False,False,-1.0,-1.0,0.011876506618860999,-0.011876506618860999,1.435708834796912,,,136.5500030517578,146.07000732421875
2023-12-28 00:00:00,148.75999450683594,137.0,-0.9710770270370979,15.722441802753536,2.1,False,False,0.0,False,False,-1.0,-1.0,0.002571292101310629,-0.002571292101310629,1.4331375426956015,,,137.0,148.75999450683594
2023-12-29 00:00:00,147.41000366210938,136.13999938964844,-0.9810572992390735,13.848863542491756,1.715,False,False,0.0,False,False,-1.0,-1.0,-0.006668223060362645,0.006668223060362645,1.4398057657559642,,,136.13999938964844,147.41000366210938
2024-01-02 00:00:00,138.5800018310547,134.47999572753906,-0.9855781070678142,6.039462203418992,0.321,False,False,0.0,False,False,-1.0,-1.0,-0.028804166947500192,0.028804166947500192,1.4686099327034643,,,134.47999572753906,138.5800018310547
2024-01-03 00:00:00,135.32000732421875,133.4199981689453,-0.9878980200880441,3.5146552929672055,-0.135,False,False,0.0,False,True,0.0,0.0,-0.009451767950986501,0.009451767950986501,1.4780617006544507,,,,
2024-01-04 00:00:00,136.00999450683594,133.72000122070312,-0.9901016414600154,3.613601802182501,-0.103,False,False,0.0,False,False,0.0,0.0,0.000368644391228034,0.0,1.4780617006544507,,,,
2024-01-05 00:00:00,138.5800018310547,135.97999572753906,-0.9923218259536367,3.6440841775354045,-0.105,False,False,0.0,False,False,0.0,0.0,0.0001114464394260705,0.0,1.4780617006544507,,,,
2024-01-08 00:00:00,146.17999267578125,140.0800018310547,-0.9965798197014494,6.579089707210073,0.472,False,True,0.0,False,False,0.0,0.0,0.010270125030776074,0.0,1.4780617006544507,,,,
2024-01-09 00:00:00,149.25999450683594,139.52999877929688,-1.0029067129197713,9.324422077391603,0.978,False,False,0.0,False,False,0.0,0.0,0.009492996034708998,0.0,1.4780617006544507,,,,
2024-01-10 00:00:00,148.5399932861328,139.75999450683594,-1.0082340842437088,7.62920321062731,0.617,False,False,0.0,False,False,0.0,0.0,-0.005856673963968152,-0.0,1.4780617006544507,,,,
2024-01-11 00:00:00,148.02000427246094,139.4499969482422,-1.0128770671779437,6.774300345552206,0.43,False,False,0.0,False,False,0.0,0.0,-0.0029554241683078524,-0.0,1.4780617006544507,,,,
2024-01-12 00:00:00,146.55999755859375,137.13999938964844,-1.0176134940044068,7.004483611931391,0.457,False,False,0.0,False,False,0.0,0.0,0.0008045116644259849,0.0,1.4780617006544507,,,,
2024-01-16 00:00:00,158.74000549316406,135.02000427246094,-1.0309975630674137,19.53471012290504,2.508,False,False,0.0,True,False,-1.0,-1.0,0.042055459423800255,0.0,1.4780617006544507,,,135.02000427246094,158.74000549316406
2024-01-17 00:00:00,160.1699981689453,134.97999572753906,-1.0448787906191814,19.132263475372014,2.179,False,False,0.0,False,False,-1.0,-1.0,-0.001336109945479773,0.001336109945479773,1.4793978105999306,,,134.97999572753906,160.1699981689453
2024-01-18 00:00:00,162.6699981689453,137.0399932861328,-1.0578400335110076,17.703607078794306,1.79,False,False,0.0,False,False,-1.0,-1.0,-0.00464397726165766,0.00464397726165766,1.4840417878615884,,,137.0399932861328,162.6699981689453
2024-01-19 00:00:00,174.22999572753906,139.92999267578125,-1.0749524015164973,23.81191405652214,2.394,False,False,0.0,False,False,-1.0,-1.0,0.01881516449034423,-0.01881516449034423,1.465226623371244,,,139.92999267578125,174.22999572753906
2024-01-22 00:00:00,168.17999267578125,142.00999450683594,-1.0856279525182293,14.00997310219995,0.986,False,False,0.0,False,False,-1.0,-1.0,-0.030407757350229714,0.030407757350229714,1.4956343807214738,,,142.00999450683594,168.17999267578125
2024-01-23 00:00:00,168.4199981689453,142.3000030517578,-1.0947668375039115,12.63467385117545,0.751,False,False,0.0,False,False,-1.0,-1.0,-0.0042420625314714125,0.0042420625314714125,1.4998764432529452,,,142.3000030517578,168.4199981689453
2024-01-24 00:00:00,178.2899932861328,141.19000244140625,-1.1098991912245086,21.58332376742962,1.874,False,False,0.0,True,False,-1.0,-1.0,0.026712653915204877,-0.026712653915204877,1.4731637893377403,,,141.19000244140625,178.2899932861328
2024-01-25 00:00:00,180.3300018310547,142.11000061035156,-1.1247707119581654,20.488835268174256,1.632,False,False,0.0,False,False,-1.0,-1.0,-0.0032174640326598477,0.0032174640326598477,1.4763812533704002,,,142.11000061035156,180.3300018310547
2024-01-26 00:00:00,177.25,149.6199951171875,-1.131051462655179,8.022085680244317,-0.181,False,False,0.0,False,True,0.0,0.0,-0.03598136871842485,0.03598136871842485,1.5123626220888249,,,,
2024-01-29 00:00:00,177.8300018310547,152.6999969482422,-1.1342493742021917,4.630125851834407,-0.723,False,False,0.0,False,False,0.0,0.0,-0.009662880691435616,-0.0,1.5123626220888249,,,,
2024-01-30 00:00:00,172.05999755859375,149.44000244140625,-1.1356224184698818,2.3525805699389366,-1.093,False,False,0.0,False,False,0.0,0.0,-0.006664021158695353,-0.0,1.5123626220888249,,,,
2024-01-31 00:00:00,167.69000244140625,144.13999938964844,-1.1377409338106288,3.696024936364182,-0.885,False,False,0.0,False,False,0.0,0.0,0.004050374596452171,0.0,1.5123626220888249,,,,
2024-02-01 00:00:00,170.47999572753906,146.49000549316406,-1.1397945263847034,3.5114892963655393,-0.882,False,False,0.0,False,False,0.0,0.0,-0.0005468557092953105,-0.0,1.5123626220888249,,,,
2024-02-02 00:00:00,177.66000366210938,146.5500030517578,-1.145996919436672,9.71415162136006,0.049,False,True,0.0,False,False,0.0,0.0,0.017947214211345364,0.0,1.5123626220888249,,,,
2024-02-05 00:00:00,174.22999572753906,144.77999877929688,-1.151091618732482,7.574952572591457,-0.315,False,False,0.0,False,True,0.0,0.0,-0.00627542662412371,-0.0,1.5123626220888249,,,,
2024-02-06 00:00:00,167.8800048828125,144.52999877929688,-1.1519554161923413,1.387889986728993,-1.271,False,False,0.0,False,False,0.0,0.0,-0.018503524127411297,-0.0,1.5123626220888249,,,,
2024-02-07 00:00:00,170.94000244140625,147.5500030517578,-1.1521730761016422,0.9368615464557593,-1.328,False,False,0.0,False,False,0.0,0.0,-0.0013228846190001618,-0.0,1.5123626220888249,,,,
2024-02-08 00:00:00,169.35000610351562,150.5399932861328,-1.1492728800438488,-3.6615255422198913,-1.917,True,False,1.0,False,False,0.0,1.0,-0.013431377598390018,-0.0,1.5123626220888249,150.5399932861328,169.35000610351562,,
2024-02-09 00:00:00,172.47999572753906,147.59500122070312,-1.150352782389213,2.6936754065639263,-0.965,False,False,1.0,False,False,0.0,1.0,0.018567999977780476,0.018567999977780476,1.5309306220666055,147.59500122070312,172.47999572753906,,
2024-02-12 00:00:00,171.91000366210938,153.8000030517578,-1.1469839022280612,-4.496124000883526,-1.869,True,False,1.0,False,False,0.0,1.0,-0.020641591820899113,-0.020641591820899113,1.5102890302457064,153.8000030517578,171.91000366210938,,
2024-02-13 00:00:00,171.5399932861328,150.82000732421875,-1.1454432286839231,-1.215762853453242,-1.34,False,False,1.0,False,False,0.0,1.0,0.009527742218432514,0.009527742218432514,1.519816772464139,150.82000732421875,171.5399932861328,,
2024-02-14 00:00:00,178.6999969482422,148.1999969482422,-1.1502618787809704,8.231190023223036,-0.044,False,False,1.0,False,False,0.0,1.0,0.027055546692267677,0.027055546692267677,1.5468723191564067,148.1999969482422,178.6999969482422,,
2024-02-15 00:00:00,176.75999450683594,157.69000244140625,-1.1474254862773785,-4.177533225575644,-1.607,True,False,1.0,False,False,0.0,1.0,-0.03469054851461636,-0.03469054851461636,1.5121817706417904,157.69000244140625,176.75999450683594,,
2024-02-16 00:00:00,173.8699951171875,152.50999450683594,-1.1461333143277421,-0.926790355038122,-1.109,False,False,1.0,False,False,0.0,1.0,0.009323351266909386,0.009323351266909386,1.5215051219086997,152.50999450683594,173.8699951171875,,
2024-02-20 00:00:00,165.69000244140625,148.14999389648438,-1.1431788675387549,-3.671939807050194,-1.376,False,False,1.0,False,False,0.0,1.0,-0.00819320554773407,-0.00819320554773407,1.5133119163609656,148.14999389648438,165.69000244140625,,
2024-02-21 00:00:00,164.2899932861328,149.24000549316406,-1.1388003653895864,-5.664579500226296,-1.53,True,False,1.0,False,False,0.0,1.0,-0.00596162180462773,-0.00596162180462773,1.5073502945563377,149.24000549316406,164.2899932861328,,
2024-02-22 00:00:00,181.86000061035156,155.25999450683594,-1.1410535842238225,4.7000273917554125,-0.246,False,False,1.0,False,False,0.0,1.0,0.02886916508138303,0.02886916508138303,1.5362194596377208,155.25999450683594,181.86000061035156,,
2024-02-23 00:00:00,176.52000427246094,152.66000366210938,-1.1421592180672788,2.1579738595981723,-0.556,False,False,1.0,False,False,0.0,1.0,-0.007244752597370773,-0.007244752597370773,1.52897470704035,152.66000366210938,176.52000427246094,,
2024-02-26 00:00:00,176.00999450683594,149.27000427246094,-1.1450661159531963,5.08597048625208,-0.198,False,False,1.0,False,False,0.0,1.0,0.008439635406991646,0.008439635406991646,1.5374143424473417,149.27000427246094,176.00999450683594,,
2024-02-27 00:00:00,178.0,152.05999755859375,-1.1471292276536913,3.5675324435881635,-0.375,False,False,1.0,False,False,0.0,1.0,-0.004308451072036571,-0.004308451072036571,1.533105891375305,152.05999755859375,178.0,,
2024-02-28 00:00:00,176.5399932861328,153.42999267578125,-1.1471656778848458,0.5303717303532949,-0.715,False,False,1.0,False,False,0.0,1.0,-0.008614846209934933,-0.008614846209934933,1.5244910451653704,153.42999267578125,176.5399932861328,,
2024-02-29 00:00:00,192.52999877929688,157.47000122070312,-1.153697189531572,10.857300935438474,0.544,False,True,0.0,False,False,0.0,0.0,0.027597153356393424,0.027597153356393424,1.5520881985217638,,,,
2024-03-01 00:00:00,202.63999938964844,159.72000122070312,-1.1644093387136625,16.660538388904143,1.193,False,False,0.0,False,False,0.0,0.0,0.01493295638781432,0.0,1.5520881985217638,,,,
2024-03-04 00:00:00,205.36000061035156,158.08999633789062,-1.1770457278743192,19.280845801170642,1.418,False,False,0.0,False,False,0.0,0.0,0.0066940350140959545,0.0,1.5520881985217638,,,,
2024-03-05 00:00:00,205.1300048828125,159.3300018310547,-1.1876302252817748,15.904878914051437,1.055,False,False,0.0,False,False,0.0,0.0,-0.008560727686816488,-0.0,1.5520881985217638,,,,
2024-03-06 00:00:00,210.6300048828125,163.8699951171875,-1.1971076169450932,14.459985539272111,0.918,False,False,0.0,False,False,0.0,0.0,-0.003551851742209716,-0.0,1.5520881985217638,,,,
2024-03-07 00:00:00,211.3800048828125,163.5399932861328,-1.2062258500224148,14.11383746858695,0.903,False,False,0.0,False,False,0.0,0.0,-0.000847060597042742,-0.0,1.5520881985217638,,,,
2024-03-08 00:00:00,207.38999938964844,164.91000366210938,-1.2112185463296983,7.647944478803112,0.183,False,False,0.0,False,False,0.0,0.0,-0.015881562066865727,-0.0,1.5520881985217638,,,,
2024-03-11 00:00:00,198.38999938964844,162.99000549316406,-1.2116842721344878,0.8975732184677554,-0.66,False,False,0.0,False,True,0.0,0.0,-0.017051454736270254,-0.0,1.5520881985217638,,,,
2024-03-12 00:00:00,202.75999450683594,166.6699981689453,-1.2117661524554917,0.7949320958892372,-0.631,False,False,0.0,False,False,0.0,0.0,-0.0002536070372321156,-0.0,1.5520881985217638,,,,
2024-03-13 00:00:00,194.7899932861328,164.75999450683594,-1.2086473392504473,-4.346735689472752,-1.28,False,False,0.0,False,False,0.0,0.0,-0.013052345765834307,-0.0,1.5520881985217638,,,,
2024-03-14 00:00:00,187.05999755859375,166.44000244140625,-1.2001847524752844,-12.698755573531145,-2.3,True,False,1.0,False,False,0.0,1.0,-0.021591559016062953,-0.0,1.5520881985217638,166.44000244140625,187.05999755859375,,
2024-03-15 00:00:00,191.05999755859375,160.63999938964844,-1.1982926641810203,-1.4337352840655626,-0.688,False,False,1.0,False,False,0.0,1.0,0.029370123131590275,0.029370123131590275,1.581458321653354,160.63999938964844,191.05999755859375,,
2024-03-18 00:00:00,190.64999389648438,161.86000061035156,-1.1959380684494845,-2.9245425926918642,-0.855,False,False,1.0,False,False,0.0,1.0,-0.0038800419825614,-0.0038800419825614,1.5775782796707927,161.86000061035156,190.64999389648438,,
2024-03-19 00:00:00,181.4199981689453,161.7899932861328,-1.1886877442187576,-10.897783987515822,-1.801,True,False,1.0,False,False,0.0,1.0,-0.0213337848474452,-0.0213337848474452,1.5562444948233474,161.7899932861328,181.4199981689453,,
2024-03-20 00:00:00,179.72999572753906,164.7100067138672,-1.1789455987657562,-14.454141760452814,-2.048,False,False,1.0,False,False,0.0,1.0,-0.009511161673279254,-0.009511161673279254,1.5467333331500681,164.7100067138672,179.72999572753906,,
2024-03-21 00:00:00,178.67999267578125,168.17999267578125,-1.1671415930947877,-17.609871902499805,-2.176,False,False,1.0,False,False,0.0,1.0,-0.008415956858923768,-0.008415956858923768,1.5383173762911444,168.17999267578125,178.67999267578125,,
2024-03-22 00:00:00,179.64999389648438,167.86000061035156,-1.1570887396530485,-14.578922647907262,-1.695,False,False,1.0,False,False,0.0,1.0,0.008106767110823296,0.008106767110823296,1.5464241434019677,167.86000061035156,179.64999389648438,,
