Date,x,y,hr,Open,High,Low,Close,zScore,numUnits,cum rets
2021-08-30 00:00:00-04:00,66.23341369628906,206.319091796875,-2.978796430629583,9.02323548995659,9.02323548995659,9.02323548995659,9.02323548995659,1.2962424099941887,0.0,1.0
2021-08-31 00:00:00-04:00,66.45521545410156,207.95396423339844,-2.9891064415211352,9.31225164686856,9.31225164686856,9.31225164686856,9.31225164686856,1.1650547985335145,0.0,1.0
2021-09-01 00:00:00-04:00,65.9007339477539,205.28797912597656,-2.9976642705312093,7.739703569011539,7.739703569011539,7.739703569011539,7.739703569011539,0.459176781617028,0.0,1.0
2021-09-02 00:00:00-04:00,66.0763168334961,205.66885375976562,-3.004943345992696,7.1132651632463535,7.1132651632463535,7.1132651632463535,7.1132651632463535,0.2779772465498209,0.0,1.0
2021-09-03 00:00:00-04:00,65.77134704589844,203.03079223632812,-3.009406236641023,5.098090244120243,5.098090244120243,5.098090244120243,5.098090244120243,-0.6047706187100649,0.0,1.0
2021-09-07 00:00:00-04:00,65.4478988647461,199.75173950195312,-3.0102930225272604,2.734386210338158,2.734386210338158,2.734386210338158,2.734386210338158,-1.4545802333602302,0.0,1.0
2021-09-08 00:00:00-04:00,64.72705841064453,201.66529846191406,-3.0148042347972126,6.525888659536406,6.525888659536406,6.525888659536406,6.525888659536406,0.006703301490008176,0.0,1.0
2021-09-09 00:00:00-04:00,65.11521911621094,201.76747131347656,-3.018648112989849,5.207538001405879,5.207538001405879,5.207538001405879,5.207538001405879,-0.668457449114164,0.0,1.0
2021-09-10 00:00:00-04:00,64.29271697998047,201.20082092285156,-3.0241619823535792,6.7692304897761915,6.7692304897761915,6.7692304897761915,6.7692304897761915,0.07547125111838136,0.0,1.0
2021-09-13 00:00:00-04:00,65.17066192626953,201.32159423828125,-3.0268845740974313,4.057522969937224,4.057522969937224,4.057522969937224,4.057522969937224,-1.003023123525335,0.0,1.0
2021-09-14 00:00:00-04:00,63.562644958496094,198.7356414794922,-3.0312560434242446,6.060989813021308,6.060989813021308,6.060989813021308,6.060989813021308,0.22665395275970013,0.0,1.0
2021-09-15 00:00:00-04:00,65.10596466064453,200.81747436523438,-3.0328642954100755,3.359918727735419,3.359918727735419,3.359918727735419,3.359918727735419,-1.1906351691644816,0.0,1.0
2021-09-16 00:00:00-04:00,64.69010925292969,200.7427978515625,-3.0350021490154258,4.408177248878218,4.408177248878218,4.408177248878218,4.408177248878218,-0.36152942337440963,0.0,1.0
2021-09-17 00:00:00-04:00,64.65313720703125,199.32379150390625,-3.0356849434019306,3.057236340822328,3.057236340822328,3.057236340822328,3.057236340822328,-1.0692633962645657,0.0,1.0
2021-09-20 00:00:00-04:00,62.194923400878906,191.87399291992188,-3.0359907027799005,3.0507837147454495,3.0507837147454495,3.0507837147454495,3.0507837147454495,-1.1320480792495335,0.0,1.0
2021-09-21 00:00:00-04:00,61.86222457885742,190.07223510742188,-3.03532072088837,2.3005430029661227,2.3005430029661227,2.3005430029661227,2.3005430029661227,-1.2991526624180527,0.0,1.0
2021-09-22 00:00:00-04:00,63.06360626220703,193.1809844970703,-3.033874215610857,1.8539355147250092,1.8539355147250092,1.8539355147250092,1.8539355147250092,-1.2315008782773278,0.0,1.0
2021-09-23 00:00:00-04:00,65.50334167480469,197.97010803222656,-3.029486288231138,-0.4713674049135079,-0.4713674049135079,-0.4713674049135079,-0.4713674049135079,-1.9520668837596336,0.0,1.0
2021-09-24 00:00:00-04:00,65.78058624267578,197.18594360351562,-3.0229487899080167,-1.6653999782210747,-1.6653999782210747,-1.6653999782210747,-1.6653999782210747,-1.7447825706418933,0.0,1.0
2021-09-27 00:00:00-04:00,66.77867126464844,197.80209350585938,-3.01377136916866,-3.4535540226639796,-3.4535540226639796,-3.4535540226639796,-3.4535540226639796,-1.830514018140278,0.0,1.0
2021-09-28 00:00:00-04:00,65.95618438720703,188.550537109375,-2.9972895642687885,-9.139246053388632,-9.139246053388632,-9.139246053388632,-9.139246053388632,-2.143214411231293,1.0,1.0
2021-09-29 00:00:00-04:00,66.10404205322266,188.4851837158203,-2.9797417108720747,-8.487787647408936,-8.487787647408936,-8.487787647408936,-8.487787647408936,-1.4891250945509613,1.0,1.0016900885281468
2021-09-30 00:00:00-04:00,64.85645294189453,183.6306915283203,-2.961979206724628,-8.472773507485613,-8.472773507485613,-8.472773507485613,-8.472773507485613,-1.1689942297902645,1.0,1.0017300480039117
2021-10-01 00:00:00-04:00,65.78058624267578,185.34841918945312,-2.9443201295558126,-8.330685018839347,-8.330685018839347,-8.330685018839347,-8.330685018839347,-0.9226102835502132,1.0,1.0021049244439457
2021-10-04 00:00:00-04:00,65.88224792480469,180.72732543945312,-2.922631997026334,-11.822240381602853,-11.822240381602853,-11.822240381602853,-11.822240381602853,-1.3316934335388446,1.0,0.9927511298627357
2021-10-05 00:00:00-04:00,67.02819061279297,182.1090087890625,-2.8994568411185333,-12.236337030997134,-12.236337030997134,-12.236337030997134,-12.236337030997134,-1.202065555208716,1.0,0.9916511382055154
2021-10-06 00:00:00-04:00,66.92652893066406,180.90469360351562,-2.8766788499093683,-11.621436669173136,-11.621436669173136,-11.621436669173136,-11.621436669173136,-0.8913677076519289,1.0,0.9932977627541837
2021-10-07 00:00:00-04:00,66.71397399902344,181.6515350341797,-2.85713979603673,-8.959615030189838,-8.959615030189838,-8.959615030189838,-8.959615030189838,0.07867482696379854,0.0,1.0004481480749112
2021-10-08 00:00:00-04:00,66.8618392944336,182.37973022460938,-2.840115027766933,-7.515584339649109,-7.515584339649109,-7.515584339649109,-7.515584339649109,1.1894408962795653,0.0,1.0004481480749112
2021-10-11 00:00:00-04:00,66.24266815185547,181.9222869873047,-2.8263167864469256,-5.300477989317557,-5.300477989317557,-5.300477989317557,-5.300477989317557,1.7023267496579626,0.0,1.0004481480749112
2021-10-12 00:00:00-04:00,65.28155517578125,175.9755096435547,-2.8107688806312336,-7.515854123742088,-7.515854123742088,-7.515854123742088,-7.515854123742088,0.6690710593588266,0.0,1.0004481480749112
2021-10-13 00:00:00-04:00,64.93038177490234,178.6268310546875,-2.79981917525037,-3.1664968950112495,-3.1664968950112495,-3.1664968950112495,-3.1664968950112495,1.7338413779411141,0.0,1.0004481480749112
2021-10-14 00:00:00-04:00,65.4294204711914,184.2935028076172,-2.79530149634452,1.3985458595410876,1.3985458595410876,1.3985458595410876,1.3985458595410876,1.952845850830596,0.0,1.0004481480749112
2021-10-15 00:00:00-04:00,66.806396484375,186.4873809814453,-2.7908161808132874,0.04300869102362981,0.04300869102362981,0.04300869102362981,0.04300869102362981,1.2819260104551438,0.0,1.0004481480749112
2021-10-18 00:00:00-04:00,66.177978515625,186.8421173095703,-2.7889354127558112,2.2760094827504815,2.2760094827504815,2.2760094827504815,2.2760094827504815,1.3780243849020533,0.0,1.0004481480749112
2021-10-19 00:00:00-04:00,66.31660461425781,189.23202514648438,-2.78994783006419,4.212158005710933,4.212158005710933,4.212158005710933,4.212158005710933,1.4258025757935218,0.0,1.0004481480749112
2021-10-20 00:00:00-04:00,66.3720474243164,191.01510620117188,-2.793307845027956,5.617545440261324,5.617545440261324,5.617545440261324,5.617545440261324,1.3564709673779105,0.0,1.0004481480749112
2021-10-21 00:00:00-04:00,65.16141510009766,191.02444458007812,-2.800620041427377,8.532079522976119,8.532079522976119,8.532079522976119,8.532079522976119,1.4988063278526986,0.0,1.0004481480749112
2021-10-22 00:00:00-04:00,65.95618438720703,193.05029296875,-2.8081198109281402,7.837424937804627,7.837424937804627,7.837424937804627,7.837424937804627,1.0968481435555184,0.0,1.0004481480749112
2021-10-25 00:00:00-04:00,65.45713806152344,192.95692443847656,-2.816538713518312,8.5943610120828,8.5943610120828,8.5943610120828,8.5943610120828,1.1330256331909754,0.0,1.0004481480749112
2021-10-26 00:00:00-04:00,65.29078674316406,195.21612548828125,-2.827517725461305,10.60526866267088,10.60526866267088,10.60526866267088,10.60526866267088,1.3949777264797625,0.0,1.0004481480749112
2021-10-27 00:00:00-04:00,64.9765853881836,190.21226501464844,-2.8338923816719683,6.075614696016828,6.075614696016828,6.075614696016828,6.075614696016828,0.029316621620444495,0.0,1.0004481480749112
2021-10-28 00:00:00-04:00,65.50334167480469,200.98550415039062,-2.8487544046575097,14.382571034504963,14.382571034504963,14.382571034504963,14.382571034504963,1.8983656586645448,0.0,1.0004481480749112
2021-10-29 00:00:00-04:00,64.37703704833984,202.46987915039062,-2.869611088000818,17.732819823835143,17.732819823835143,17.732819823835143,17.732819823835143,1.939233212027289,0.0,1.0004481480749112
2021-11-01 00:00:00-04:00,64.79591369628906,201.51763916015625,-2.8881097015772994,14.379932191338412,14.379932191338412,14.379932191338412,14.379932191338412,0.9458531954860278,0.0,1.0004481480749112
2021-11-02 00:00:00-04:00,63.85576248168945,202.42320251464844,-2.9086995694055835,16.6859736800931,16.6859736800931,16.6859736800931,16.6859736800931,1.1915944406452628,0.0,1.0004481480749112
2021-11-03 00:00:00-04:00,64.22808837890625,204.88778686523438,-2.9298789135135612,16.70726506859154,16.70726506859154,16.70726506859154,16.70726506859154,0.9539670748117759,0.0,1.0004481480749112
2021-11-04 00:00:00-04:00,62.36640548706055,205.0371551513672,-2.9558436712032345,20.691810196744598,20.691810196744598,20.691810196744598,20.691810196744598,1.4257214024382365,0.0,1.0004481480749112
2021-11-05 00:00:00-04:00,62.35710144042969,206.38148498535156,-2.9827428799026627,20.386284652541832,20.386284652541832,20.386284652541832,20.386284652541832,1.0931854179844005,0.0,1.0004481480749112
2021-11-08 00:00:00-05:00,63.71613311767578,206.58682250976562,-3.003896836601703,15.190131797086337,15.190131797086337,15.190131797086337,15.190131797086337,-0.14202103321124407,0.0,1.0004481480749112
2021-11-09 00:00:00-05:00,63.28794860839844,205.06515502929688,-3.0219882213383658,13.809719782048973,13.809719782048973,13.809719782048973,13.809719782048973,-1.119509723085826,0.0,1.0004481480749112
2021-11-10 00:00:00-05:00,63.49272918701172,198.90367126464844,-3.030739616782938,6.473741539901681,6.473741539901681,6.473741539901681,6.473741539901681,-2.1972849561045797,1.0,1.0004481480749112
2021-11-11 00:00:00-05:00,64.10708618164062,199.84657287597656,-3.035670591416228,5.238576652984477,5.238576652984477,5.238576652984477,5.238576652984477,-1.6942762235520366,1.0,0.9973168245114941
2021-11-12 00:00:00-05:00,64.37703704833984,202.563232421875,-3.041417221360551,6.765803282887987,6.765803282887987,6.765803282887987,6.765803282887987,-1.1356682606872153,1.0,1.001150603238338
2021-11-15 00:00:00-05:00,63.98606872558594,201.56431579589844,-3.0471626325222774,6.588358173290629,6.588358173290629,6.588358173290629,6.588358173290629,-0.9339213256994483,1.0,1.0007031200405592
2021-11-16 00:00:00-05:00,63.055240631103516,200.8455047607422,-3.0548234414258575,8.222877576098995,8.222877576098995,8.222877576098995,8.222877576098995,-0.5290967722011642,1.0,1.0048572541879093
2021-11-17 00:00:00-05:00,62.22678756713867,197.06455993652344,-3.061060977538538,6.584568757174992,6.584568757174992,6.584568757174992,6.584568757174992,-0.6337585015348155,1.0,1.0006298464893446
2021-11-18 00:00:00-05:00,62.468807220458984,196.0189971923828,-3.064590147453992,4.577706061361397,4.577706061361397,4.577706061361397,4.577706061361397,-0.955818899558006,1.0,0.9954503151766066
2021-11-19 00:00:00-05:00,61.75205612182617,196.55111694335938,-3.0702265736907264,6.958313258087571,6.958313258087571,6.958313258087571,6.958313258087571,-0.10804540588514491,0.0,1.0016153926763394
2021-11-22 00:00:00-05:00,62.40364456176758,193.41436767578125,-3.0703578502325652,1.8128477124354276,1.8128477124354276,1.8128477124354276,1.8128477124354276,-2.214781355223442,1.0,1.0016153926763394
2021-11-23 00:00:00-05:00,63.3624153137207,194.52529907226562,-3.0671401816605015,0.1838890564921769,0.1838890564921769,0.1838890564921769,0.1838890564921769,-1.9092375833600603,1.0,0.9974264029328783
2021-11-24 00:00:00-05:00,62.62704086303711,193.89981079101562,-3.06512780216919,1.9399266741346253,1.9399266741346253,1.9399266741346253,1.9399266741346253,-1.0198247011335295,1.0,1.0019773773954006
2021-11-26 00:00:00-05:00,60.970149993896484,189.176025390625,-3.063931850666598,2.367640884405688,2.367640884405688,2.367640884405688,2.367640884405688,-0.6967338382831396,1.0,1.0031149623564057
2021-11-29 00:00:00-05:00,60.541961669921875,193.26499938964844,-3.0689701441298376,7.463526557605206,7.463526557605206,7.463526557605206,7.463526557605206,1.0166673925687775,0.0,1.0165582132019177
2021-11-30 00:00:00-05:00,59.29463577270508,186.66473388671875,-3.0721421214179867,4.503185755253725,4.503185755253725,4.503185755253725,4.503185755253725,0.17651666119740406,0.0,1.0165582132019177
2021-12-01 00:00:00-05:00,58.19623947143555,183.00518798828125,-3.074344824939659,4.089880338324235,4.089880338324235,4.089880338324235,4.089880338324235,0.13333879441720176,0.0,1.0165582132019177
2021-12-02 00:00:00-05:00,59.39702606201172,188.31715393066406,-3.0779782589887117,5.494399063206089,5.494399063206089,5.494399063206089,5.494399063206089,0.6548204407672822,0.0,1.0165582132019177
2021-12-03 00:00:00-05:00,58.41963577270508,182.60377502441406,-3.0787171257149617,2.746241892956533,2.746241892956533,2.746241892956533,2.746241892956533,-0.29587158008696096,0.0,1.0165582132019177
2021-12-06 00:00:00-05:00,58.19623947143555,184.21884155273438,-3.081266581319185,4.90071371095155,4.90071371095155,4.90071371095155,4.90071371095155,0.5328164839748891,0.0,1.0165582132019177
2021-12-07 00:00:00-05:00,58.549957275390625,190.65103149414062,-3.090113574530509,9.725013729274707,9.725013729274707,9.725013729274707,9.725013729274707,1.954066240719695,0.0,1.0165582132019177
2021-12-08 00:00:00-05:00,58.140384674072266,190.13758850097656,-3.1008435225730997,9.853353284471268,9.853353284471268,9.853353284471268,9.853353284471268,1.509228210555207,0.0,1.0165582132019177
2021-12-09 00:00:00-05:00,57.84251403808594,186.16062927246094,-3.1079350251499127,6.389853950768128,6.389853950768128,6.389853950768128,6.389853950768128,0.10537675831780113,0.0,1.0165582132019177
2021-12-10 00:00:00-05:00,56.511417388916016,183.13589477539062,-3.114919074243282,7.107402838132629,7.107402838132629,7.107402838132629,7.107402838132629,0.4154830041412292,0.0,1.0165582132019177
2021-12-13 00:00:00-05:00,56.018070220947266,181.2220916748047,-3.1210305306189294,6.387984248873181,6.387984248873181,6.387984248873181,6.387984248873181,0.037278764093286794,0.0,1.0165582132019177
2021-12-14 00:00:00-05:00,56.446250915527344,177.39454650878906,-3.1206635987252773,1.2447859921895201,1.2447859921895201,1.2447859921895201,1.2447859921895201,-1.6634901437934653,0.0,1.0165582132019177
2021-12-15 00:00:00-05:00,56.073917388916016,181.85427856445312,-3.125056664974695,6.620109296980672,6.620109296980672,6.620109296980672,6.620109296980672,0.1796090703769561,0.0,1.0165582132019177
2021-12-16 00:00:00-05:00,56.846519470214844,178.97186279296875,-3.124358348978824,1.3629650758157368,1.3629650758157368,1.3629650758157368,1.3629650758157368,-1.4903244078179052,0.0,1.0165582132019177
2021-12-17 00:00:00-05:00,55.422332763671875,181.54443359375,-3.130430581509518,8.04866821175463,8.04866821175463,8.04866821175463,8.04866821175463,0.5581846629668885,0.0,1.0165582132019177
2021-12-20 00:00:00-05:00,54.24946975708008,177.30064392089844,-3.137275139223214,7.105131135969486,7.105131135969486,7.105131135969486,7.105131135969486,0.37926551983787377,0.0,1.0165582132019177
2021-12-21 00:00:00-05:00,55.273399353027344,178.93429565429688,-3.142098317639025,5.259840536959672,5.259840536959672,5.259840536959672,5.259840536959672,-0.09747634838976672,0.0,1.0165582132019177
2021-12-22 00:00:00-05:00,55.47817611694336,180.31448364257812,-3.146936753529597,5.72817220138117,5.72817220138117,5.72817220138117,5.72817220138117,0.12071892702266361,0.0,1.0165582132019177
2021-12-23 00:00:00-05:00,56.045989990234375,183.3564910888672,-3.1529347327574975,6.647142616878199,6.647142616878199,6.647142616878199,6.647142616878199,0.5200084551600591,0.0,1.0165582132019177
2021-12-27 00:00:00-05:00,56.455562591552734,187.14024353027344,-3.161759256031304,8.641345951976945,8.641345951976945,8.641345951976945,8.641345951976945,1.1316941629980448,0.0,1.0165582132019177
2021-12-28 00:00:00-05:00,56.42763900756836,187.22474670410156,-3.1709782494411414,8.29393074378578,8.29393074378578,8.29393074378578,8.29393074378578,0.8517572472288042,0.0,1.0165582132019177
2021-12-29 00:00:00-05:00,56.35317611694336,185.46902465820312,-3.1779387812612128,6.382080828925666,6.382080828925666,6.382080828925666,6.382080828925666,-0.0015372059618229043,0.0,1.0165582132019177
2021-12-30 00:00:00-05:00,56.25078201293945,186.03233337402344,-3.1848725832894553,6.880759952420931,6.880759952420931,6.880759952420931,6.880759952420931,-0.10212343785885093,0.0,1.0165582132019177
2021-12-31 00:00:00-05:00,56.21354293823242,184.62400817871094,-3.189847427335115,5.311382855798229,5.311382855798229,5.311382855798229,5.311382855798229,-1.1507052317488464,0.0,1.0165582132019177
2022-01-03 00:00:00-05:00,58.73611831665039,182.6898651123047,-3.182331853800804,-4.227955175384693,-4.227955175384693,-4.227955175384693,-4.227955175384693,-2.533136279888356,1.0,1.0165582132019177
2022-01-04 00:00:00-05:00,59.192237854003906,183.19688415527344,-3.1708609213575025,-4.493469703685832,-4.493469703685832,-4.493469703685832,-4.493469703685832,-1.7498775589485414,1.0,1.015842323030763
2022-01-05 00:00:00-05:00,58.50341796875,176.0237274169922,-3.1533351872163102,-8.457159036290136,-8.457159036290136,-8.457159036290136,-8.457159036290136,-1.7124396522219236,1.0,1.0048474864042598
2022-01-06 00:00:00-05:00,60.42095184326172,178.40853881835938,-3.131164816978126,-10.779419801591388,-10.779419801591388,-10.779419801591388,-10.779419801591388,-1.5011918583802968,1.0,0.9985300683072852
2022-01-07 00:00:00-05:00,61.23078155517578,179.8732147216797,-3.1081484482446218,-10.441143953845312,-10.441143953845312,-10.441143953845312,-10.441143953845312,-1.152777683711507,1.0,0.999443864101784
2022-01-10 00:00:00-05:00,61.4634895324707,177.6480255126953,-3.083224787962335,-11.857728968481865,-11.857728968481865,-11.857728968481865,-11.857728968481865,-1.0761744611353112,1.0,0.9955855761259386
2022-01-11 00:00:00-05:00,62.468807220458984,181.8448486328125,-3.0609220000137105,-9.367297702905745,-9.367297702905745,-9.367297702905745,-9.367297702905745,-0.5877496296920598,1.0,1.0022613154879259
2022-01-12 00:00:00-05:00,62.62704086303711,169.7801055908203,-3.0266402634637335,-19.769417866836335,-19.769417866836335,-19.769417866836335,-19.769417866836335,-1.6911158426273067,1.0,0.9733126307065569
2022-01-13 00:00:00-05:00,63.09246826171875,166.47520446777344,-2.9864573868231936,-21.94776342534442,-21.94776342534442,-21.94776342534442,-21.94776342534442,-1.7612891524057688,1.0,0.9671746854361796
2022-01-14 00:00:00-05:00,62.30125045776367,164.27816772460938,-2.947964494239376,-19.383706571592597,-19.383706571592597,-19.383706571592597,-19.383706571592597,-1.0777836496894007,1.0,0.9745439345713466
2022-01-18 00:00:00-05:00,60.78398513793945,160.32542419433594,-2.913288891165361,-16.755884468783478,-16.755884468783478,-16.755884468783478,-16.755884468783478,-0.47579052285295276,1.0,0.9823322264070027
2022-01-19 00:00:00-05:00,59.79728317260742,157.5369110107422,-2.8820903896044703,-14.80426414548677,-14.80426414548677,-14.80426414548677,-14.80426414548677,0.0445677490323509,0.0,0.9882484130381718
2022-01-20 00:00:00-05:00,60.002071380615234,154.72023010253906,-2.850032045439278,-16.287596124949317,-16.287596124949317,-16.287596124949317,-16.287596124949317,-0.15132877551777818,0.0,0.9882484130381718
2022-01-21 00:00:00-05:00,58.894371032714844,149.92250061035156,-2.818055489779245,-16.04510499548624,-16.04510499548624,-16.04510499548624,-16.04510499548624,0.05121889033616513,0.0,0.9882484130381718
2022-01-24 00:00:00-05:00,58.36378860473633,149.58450317382812,-2.789509028118874,-13.221812054305332,-13.221812054305332,-13.221812054305332,-13.221812054305332,0.843623905668527,0.0,0.9882484130381718
2022-01-25 00:00:00-05:00,59.676273345947266,148.01657104492188,-2.7577744878675587,-16.5571331195423,-16.5571331195423,-16.5571331195423,-16.5571331195423,0.23710895148420483,0.0,0.9882484130381718
2022-01-26 00:00:00-05:00,60.27201461791992,147.04946899414062,-2.724420102564803,-17.156819253000094,-17.156819253000094,-17.156819253000094,-17.156819253000094,-0.09918858079730555,0.0,0.9882484130381718
2022-01-27 00:00:00-05:00,59.71350860595703,140.6931915283203,-2.6874480524703763,-19.783760880931965,-19.783760880931965,-19.783760880931965,-19.783760880931965,-1.5297733382724152,0.0,0.9882484130381718
2022-01-28 00:00:00-05:00,60.21616744995117,140.6556396484375,-2.6504818399047254,-18.94621864632012,-18.94621864632012,-18.94621864632012,-18.94621864632012,-1.1826082786055554,0.0,0.9882484130381718
2022-01-31 00:00:00-05:00,60.616424560546875,144.9932861328125,-2.619801947963004,-13.80974100946068,-13.80974100946068,-13.80974100946068,-13.80974100946068,1.1393840434548999,0.0,0.9882484130381718
2022-02-01 00:00:00-05:00,61.95683670043945,146.23263549804688,-2.5903301613338896,-14.256027307939917,-14.256027307939917,-14.256027307939917,-14.256027307939917,0.884559033220697,0.0,0.9882484130381718
2022-02-02 00:00:00-05:00,61.6496696472168,147.26544189453125,-2.565374567848966,-10.889052734729063,-10.889052734729063,-10.889052734729063,-10.889052734729063,1.6619001612742292,0.0,0.9882484130381718
2022-02-03 00:00:00-05:00,60.74674606323242,138.9280548095703,-2.5365273333014744,-15.157726988942471,-15.157726988942471,-15.157726988942471,-15.157726988942471,0.13087131396263205,0.0,0.9882484130381718
2022-02-04 00:00:00-05:00,61.9945182800293,139.61346435546875,-2.505898703509738,-15.738518627167423,-15.738518627167423,-15.738518627167423,-15.738518627167423,0.026512402469536574,0.0,0.9882484130381718
2022-02-07 00:00:00-05:00,62.257205963134766,142.56158447265625,-2.479610221004017,-11.812019764684948,-11.812019764684948,-11.812019764684948,-11.812019764684948,1.157180241058694,0.0,0.9882484130381718
2022-02-08 00:00:00-05:00,62.97022247314453,142.03578186035156,-2.453747789969744,-12.477262367029937,-12.477262367029937,-12.477262367029937,-12.477262367029937,0.7520696830385839,0.0,0.9882484130381718
2022-02-09 00:00:00-05:00,63.64570236206055,143.89480590820312,-2.430127779188632,-10.772383427811747,-10.772383427811747,-10.772383427811747,-10.772383427811747,1.133844511999549,0.0,0.9882484130381718
2022-02-10 00:00:00-05:00,63.326717376708984,138.79660034179688,-2.4039765275195766,-13.43934179667761,-13.43934179667761,-13.43934179667761,-13.43934179667761,-0.1619939026572374,0.0,0.9882484130381718
2022-02-11 00:00:00-05:00,62.99836730957031,135.4353790283203,-2.3762180516369074,-14.262478596333096,-14.262478596333096,-14.262478596333096,-14.262478596333096,-0.586128804310386,0.0,0.9882484130381718
2022-02-14 00:00:00-05:00,62.35102462768555,135.33209228515625,-2.3516536027129677,-11.295919413385434,-11.295919413385434,-11.295919413385434,-11.295919413385434,0.8452689893876828,0.0,0.9882484130381718
2022-02-15 00:00:00-05:00,62.857627868652344,137.6230010986328,-2.330854233538409,-8.88896692919738,-8.88896692919738,-8.88896692919738,-8.88896692919738,1.6969054267895447,0.0,0.9882484130381718
2022-02-16 00:00:00-05:00,62.81071853637695,137.21926879882812,-2.312153137431233,-8.008731129365941,-8.008731129365941,-8.008731129365941,-8.008731129365941,1.5564975813614048,0.0,0.9882484130381718
2022-02-17 00:00:00-05:00,60.70922088623047,134.65609741210938,-2.297846397408074,-4.844367090766298,-4.844367090766298,-4.844367090766298,-4.844367090766298,1.9645692061295077,0.0,0.9882484130381718
2022-02-18 00:00:00-05:00,60.17445755004883,134.70303344726562,-2.2870065563896547,-2.916345496887004,-2.916345496887004,-2.916345496887004,-2.916345496887004,1.7452836675458019,0.0,0.9882484130381718
2022-02-22 00:00:00-05:00,59.93991470336914,133.52003479003906,-2.2770208941024763,-2.964403380252719,-2.964403380252719,-2.964403380252719,-2.964403380252719,1.3186851374367983,0.0,0.9882484130381718
2022-02-23 00:00:00-05:00,59.31134033203125,131.15403747558594,-2.266852050063006,-3.2959959480637337,-3.2959959480637337,-3.2959959480637337,-3.2959959480637337,0.9900402745012359,0.0,0.9882484130381718
2022-02-24 00:00:00-05:00,56.91899490356445,134.0176544189453,-2.266600775285707,5.0050164420429155,5.0050164420429155,5.0050164420429155,5.0050164420429155,1.8940500243301959,0.0,0.9882484130381718
2022-02-25 00:00:00-05:00,58.14799880981445,136.38363647460938,-2.2684039764046853,4.480484754451368,4.480484754451368,4.480484754451368,4.480484754451368,1.4564651263422246,0.0,0.9882484130381718
2022-02-28 00:00:00-05:00,55.568023681640625,135.7264404296875,-2.2765041989485697,9.225601191159058,9.225601191159058,9.225601191159058,9.225601191159058,1.7041855467111613,0.0,0.9882484130381718
2022-03-01 00:00:00-05:00,54.96759796142578,131.03195190429688,-2.281975073803312,5.597263489481492,5.597263489481492,5.597263489481492,5.597263489481492,0.908600144974134,0.0,0.9882484130381718
2022-03-02 00:00:00-05:00,55.87762451171875,134.24298095703125,-2.287741027204114,6.409446858866019,6.409446858866019,6.409446858866019,6.409446858866019,0.8620300579687176,0.0,0.9882484130381718
2022-03-03 00:00:00-05:00,54.057559967041016,134.1866455078125,-2.297950793942992,9.965032662929701,9.965032662929701,9.965032662929701,9.965032662929701,1.2332296385842312,0.0,0.9882484130381718
2022-03-04 00:00:00-05:00,53.09124755859375,130.27146911621094,-2.3068098365737795,7.800057012073225,7.800057012073225,7.800057012073225,7.800057012073225,0.6475708543006983,0.0,0.9882484130381718
2022-03-07 00:00:00-05:00,52.115543365478516,126.24362182617188,-2.3127657416045664,5.7125785253860215,5.7125785253860215,5.7125785253860215,5.7125785253860215,0.014835725202417145,0.0,0.9882484130381718
2022-03-08 00:00:00-05:00,51.47758865356445,126.637939453125,-2.31979531902971,7.220470259649275,7.220470259649275,7.220470259649275,7.220470259649275,0.21021877235240397,0.0,0.9882484130381718
2022-03-09 00:00:00-05:00,52.49081802368164,130.39353942871094,-2.3283795037444373,8.174994607591515,8.174994607591515,8.174994607591515,8.174994607591515,0.5555599124197427,0.0,0.9882484130381718
2022-03-10 00:00:00-05:00,51.486968994140625,130.1118621826172,-2.3393215034491606,9.667288467203832,9.667288467203832,9.667288467203832,9.667288467203832,1.1597787037746807,0.0,0.9882484130381718
2022-03-11 00:00:00-05:00,50.811485290527344,127.99933624267578,-2.349690540406158,8.608069911537044,8.608069911537044,8.608069911537044,8.608069911537044,0.5797929194195293,0.0,0.9882484130381718
2022-03-14 00:00:00-04:00,50.877159118652344,129.71383666992188,-2.361183720658453,9.583516805610202,9.583516805610202,9.583516805610202,9.583516805610202,0.97617870034505,0.0,0.9882484130381718
2022-03-15 00:00:00-04:00,51.7027473449707,132.0345458984375,-2.3727932460253762,9.354616197334565,9.354616197334565,9.354616197334565,9.354616197334565,0.6488917929812857,0.0,0.9882484130381718
2022-03-16 00:00:00-04:00,53.288265228271484,137.49058532714844,-2.385769349321238,10.357075467037632,10.357075467037632,10.357075467037632,10.357075467037632,1.285830252544609,0.0,0.9882484130381718
2022-03-17 00:00:00-04:00,53.74797439575195,139.23350524902344,-2.3990937283284626,10.28707696581614,10.28707696581614,10.28707696581614,10.28707696581614,0.9881490460546976,0.0,0.9882484130381718
2022-03-18 00:00:00-04:00,53.80426025390625,139.00616455078125,-2.411240318849443,9.271162900693923,9.271162900693923,9.271162900693923,9.271162900693923,0.10039074147464175,0.0,0.9882484130381718
2022-03-21 00:00:00-04:00,53.4571418762207,137.983154296875,-2.422059521850874,8.506774804641537,8.506774804641537,8.506774804641537,8.506774804641537,-1.0528123670010527,0.0,0.9882484130381718
2022-03-22 00:00:00-04:00,53.94498825073242,141.55422973632812,-2.4346753489445456,10.215696643166751,10.215696643166751,10.215696643166751,10.215696643166751,0.9892469429831438,0.0,0.9882484130381718
2022-03-23 00:00:00-04:00,52.86608123779297,138.70303344726562,-2.446735006319836,9.353741835809274,9.353741835809274,9.353741835809274,9.353741835809274,-0.2197460203344931,0.0,0.9882484130381718
2022-03-24 00:00:00-04:00,52.93175506591797,140.91958618164062,-2.4603571570713294,10.688563768862764,10.688563768862764,10.688563768862764,10.688563768862764,1.3707033656104652,0.0,0.9882484130381718
2022-03-25 00:00:00-04:00,53.23197555541992,141.06166076660156,-2.472864595418387,9.42619307142661,9.42619307142661,9.42619307142661,9.42619307142661,-0.41570895018967796,0.0,0.9882484130381718
2022-03-28 00:00:00-04:00,52.46267318725586,142.34042358398438,-2.4880882614404647,11.80866226298565,11.80866226298565,11.80866226298565,11.80866226298565,1.8766321958232595,0.0,0.9882484130381718
2022-03-29 00:00:00-04:00,52.978668212890625,146.82083129882812,-2.507003057251769,14.003148119984218,14.003148119984218,14.003148119984218,14.003148119984218,2.175473075854745,-1.0,0.9882484130381718
2022-03-30 00:00:00-04:00,51.571407318115234,145.02110290527344,-2.5278930060712317,14.654103032559192,14.654103032559192,14.654103032559192,14.654103032559192,1.7312252331218028,-1.0,0.9858846402171659
2022-03-31 00:00:00-04:00,50.09847640991211,143.21188354492188,-2.5504417993470248,15.438635225481164,15.438635225481164,15.438635225481164,15.438635225481164,1.5195319113998798,-1.0,0.9829895286384441
2022-04-01 00:00:00-04:00,49.09463119506836,144.7937469482422,-2.5772328858680997,18.265448912746123,18.265448912746123,18.265448912746123,18.265448912746123,1.811092245764349,-1.0,0.9725708629254005
2022-04-04 00:00:00-04:00,49.53556442260742,147.5407257080078,-2.605756503560356,18.46310655626553,18.46310655626553,18.46310655626553,18.46310655626553,1.4046966422218001,-1.0,0.9718563129066026
2022-04-05 00:00:00-04:00,48.39099884033203,146.67872619628906,-2.6357771966647903,19.130834929109582,19.130834929109582,19.130834929109582,19.130834929109582,1.2678412235737897,-1.0,0.96942136191964
2022-04-06 00:00:00-04:00,47.40591049194336,140.55015563964844,-2.6603015277217765,14.436139534889719,14.436139534889719,14.436139534889719,14.436139534889719,-0.1971925779992338,0.0,0.9870266343621624
2022-04-07 00:00:00-04:00,46.93682861328125,138.7693634033203,-2.6812229404768066,12.921261772162438,12.921261772162438,12.921261772162438,12.921261772162438,-0.9767040060149113,0.0,0.9870266343621624
2022-04-08 00:00:00-04:00,47.734275817871094,138.4378204345703,-2.696890907218945,9.703686018672585,9.703686018672585,9.703686018672585,9.703686018672585,-1.824174283898361,0.0,0.9870266343621624
2022-04-11 00:00:00-04:00,47.424678802490234,135.52035522460938,-2.7075012468176927,7.117978236938455,7.117978236938455,7.117978236938455,7.117978236938455,-1.80577342988538,0.0,0.9870266343621624
2022-04-12 00:00:00-04:00,47.2276611328125,136.2781219482422,-2.71757344134456,7.9334843568902045,7.9334843568902045,7.9334843568902045,7.9334843568902045,-1.2545558514942372,0.0,0.9870266343621624
2022-04-13 00:00:00-04:00,47.04941177368164,136.00343322753906,-2.7271863790699307,7.690918295102051,7.690918295102051,7.690918295102051,7.690918295102051,-1.0416576749880153,0.0,0.9870266343621624
2022-04-14 00:00:00-04:00,47.78118896484375,131.62725830078125,-2.728162001152915,1.2724341969875468,1.2724341969875468,1.2724341969875468,1.2724341969875468,-1.6711390769374748,0.0,0.9870266343621624
2022-04-18 00:00:00-04:00,49.075862884521484,131.95875549316406,-2.7223702039042403,-1.6439113545472424,-1.6439113545472424,-1.6439113545472424,-1.6439113545472424,-1.6229843387066685,0.0,0.9870266343621624
2022-04-19 00:00:00-04:00,49.64814758300781,137.462158203125,-2.7197480462515156,2.4317058142326005,2.4317058142326005,2.4317058142326005,2.4317058142326005,-0.8333902746596852,0.0,0.9870266343621624
2022-04-20 00:00:00-04:00,49.817020416259766,135.83294677734375,-2.715669298309284,0.5463938996603019,0.5463938996603019,0.5463938996603019,0.5463938996603019,-0.9850733970431071,0.0,0.9870266343621624
2022-04-21 00:00:00-04:00,49.376075744628906,132.2145233154297,-2.7083584918864427,-1.5135907235642208,-1.5135907235642208,-1.5135907235642208,-1.5135907235642208,-1.191421548379359,0.0,0.9870266343621624
2022-04-22 00:00:00-04:00,48.06263732910156,127.16577911376953,-2.6986104621230407,-2.536556819769345,-2.536556819769345,-2.536556819769345,-2.536556819769345,-1.16538333020998,0.0,0.9870266343621624
2022-04-25 00:00:00-04:00,47.96881866455078,129.95062255859375,-2.6924743124634833,0.79581050507187,0.79581050507187,0.79581050507187,0.79581050507187,-0.22698337461856927,0.0,0.9870266343621624
2022-04-26 00:00:00-04:00,47.12445831298828,124.5135269165039,-2.6838581425233508,-1.9618342388119032,-1.9618342388119032,-1.9618342388119032,-1.9618342388119032,-0.7988189630471823,0.0,0.9870266343621624
2022-04-27 00:00:00-04:00,46.53341293334961,124.14411926269531,-2.6764741652486324,-0.40135827426149717,-0.40135827426149717,-0.40135827426149717,-0.40135827426149717,-0.03949507869623574,0.0,0.9870266343621624
2022-04-28 00:00:00-04:00,46.92744827270508,122.5338134765625,-2.666530583249141,-2.599662536447653,-2.599662536447653,-2.599662536447653,-2.599662536447653,-1.0643331962947271,0.0,0.9870266343621624
2022-04-29 00:00:00-04:00,45.69525909423828,116.54730987548828,-2.6529145958120712,-4.6783099350307396,-4.6783099350307396,-4.6783099350307396,-4.6783099350307396,-1.6563573156907838,0.0,0.9870266343621624
2022-05-02 00:00:00-04:00,46.16917037963867,118.66911315917969,-2.63995582248154,-3.2154570036896644,-3.2154570036896644,-3.2154570036896644,-3.2154570036896644,-0.8285754177286869,0.0,0.9870266343621624
2022-05-03 00:00:00-04:00,47.48666763305664,121.82339477539062,-2.6275337333170232,-2.9494263132793463,-2.9494263132793463,-2.9494263132793463,-2.9494263132793463,-0.5171728158939264,0.0,0.9870266343621624
2022-05-04 00:00:00-04:00,49.50556182861328,127.64884948730469,-2.6167023174633828,-1.8924688769544673,-1.8924688769544673,-1.8924688769544673,-1.8924688769544673,0.16766973187472312,0.0,0.9870266343621624
2022-05-05 00:00:00-04:00,48.6335563659668,120.6298828125,-2.6010740183542262,-5.869597071182014,-5.869597071182014,-5.869597071182014,-5.869597071182014,-1.6506895686779728,0.0,0.9870266343621624
2022-05-06 00:00:00-04:00,48.92738723754883,119.1900863647461,-2.5820791789359405,-7.1443015010648026,-7.1443015010648026,-7.1443015010648026,-7.1443015010648026,-1.7601263241352199,0.0,0.9870266343621624
2022-05-09 00:00:00-04:00,47.287620544433594,115.9789810180664,-2.564479474774999,-5.289151279082105,-5.289151279082105,-5.289151279082105,-5.289151279082105,-0.7089201635818746,0.0,0.9870266343621624
2022-05-10 00:00:00-04:00,46.207088470458984,116.41470336914062,-2.552419905405128,-1.5251890136746908,-1.5251890136746908,-1.5251890136746908,-1.5251890136746908,1.2367563666313544,0.0,0.9870266343621624
2022-05-11 00:00:00-04:00,45.17394256591797,108.72319030761719,-2.536387608397137,-5.855437839021121,-5.855437839021121,-5.855437839021121,-5.855437839021121,-0.8114956107436577,0.0,0.9870266343621624
2022-05-12 00:00:00-04:00,44.13132858276367,112.94783782958984,-2.528691046223833,1.3533423843934287,1.3533423843934287,1.3533423843934287,1.3533423843934287,1.839424987108792,0.0,0.9870266343621624
2022-05-13 00:00:00-04:00,45.15498733520508,115.52430725097656,-2.5241118328780923,1.5480694047250267,1.5480694047250267,1.5480694047250267,1.5480694047250267,1.443992649266114,0.0,0.9870266343621624
2022-05-16 00:00:00-04:00,44.984378814697266,114.70021057128906,-2.520309888465799,1.3256358181161545,1.3256358181161545,1.3256358181161545,1.3256358181161545,1.1139190071617222,0.0,0.9870266343621624
2022-05-17 00:00:00-04:00,48.387115478515625,119.03853607177734,-2.5115398245910345,-2.4876314495999168,-2.4876314495999168,-2.4876314495999168,-2.4876314495999168,0.04924509364406405,0.0,0.9870266343621624
2022-05-18 00:00:00-04:00,46.74735641479492,114.90861511230469,-2.501674594269101,-2.0380587798304504,-2.0380587798304504,-2.0380587798304504,-2.0380587798304504,0.059640460580635164,0.0,0.9870266343621624
2022-05-19 00:00:00-04:00,47.18335723876953,113.7908706665039,-2.4891999160997043,-3.657938213543588,-3.657938213543588,-3.657938213543588,-3.657938213543588,-0.6422409289965595,0.0,0.9870266343621624
2022-05-20 00:00:00-04:00,47.15492248535156,115.35380554199219,-2.4787205042997296,-1.5300677011130972,-1.5300677011130972,-1.5300677011130972,-1.5300677011130972,-0.04004219341132387,0.0,0.9870266343621624
2022-05-23 00:00:00-04:00,50.01739501953125,114.90861511230469,-2.459878455174501,-8.12809728019262,-8.12809728019262,-8.12809728019262,-8.12809728019262,-1.775581088514186,0.0,0.9870266343621624
2022-05-24 00:00:00-04:00,49.932090759277344,113.98978424072266,-2.4386724432668925,-7.778229528628444,-7.778229528628444,-7.778229528628444,-7.778229528628444,-1.471632858484829,0.0,0.9870266343621624
2022-05-25 00:00:00-04:00,49.9510498046875,116.49995422363281,-2.4212575774522045,-4.444403617659262,-4.444403617659262,-4.444403617659262,-4.444403617659262,-0.414338119141844,0.0,0.9870266343621624
2022-05-26 00:00:00-04:00,51.26853942871094,120.98983764648438,-2.407889028565847,-2.4591159545042274,-2.4591159545042274,-2.4591159545042274,-2.4591159545042274,0.33567427876674394,0.0,0.9870266343621624
2022-05-27 00:00:00-04:00,50.82305908203125,123.03584289550781,-2.40070779153039,1.024528967866047,1.024528967866047,1.024528967866047,1.024528967866047,1.5379379427847388,0.0,0.9870266343621624
2022-05-31 00:00:00-04:00,50.6240119934082,120.38360595703125,-2.393236361327072,-0.7716203018510583,-0.7716203018510583,-0.7716203018510583,-0.7716203018510583,0.8269679181268871,0.0,0.9870266343621624
2022-06-01 00:00:00-04:00,49.65721893310547,117.35247039794922,-2.385258609903282,-1.0928386060928688,-1.0928386060928688,-1.0928386060928688,-1.0928386060928688,0.6739085578013756,0.0,0.9870266343621624
2022-06-02 00:00:00-04:00,49.695133209228516,120.38360595703125,-2.381340865567821,2.0425544260588424,2.0425544260588424,2.0425544260588424,2.0425544260588424,1.2904975828494187,0.0,0.9870266343621624
2022-06-03 00:00:00-04:00,48.65251159667969,118.45125579833984,-2.3796582370383286,2.6749058246982287,2.6749058246982287,2.6749058246982287,2.6749058246982287,1.200701856611772,0.0,0.9870266343621624
2022-06-06 00:00:00-04:00,48.7188606262207,118.70700073242188,-2.378912574001549,2.809090597676459,2.809090597676459,2.809090597676459,2.809090597676459,1.0392877525066588,0.0,0.9870266343621624
2022-06-07 00:00:00-04:00,49.382347106933594,119.45531463623047,-2.377463672707943,2.0505783164416727,2.0505783164416727,2.0505783164416727,2.0505783164416727,0.7265665102573325,0.0,0.9870266343621624
2022-06-08 00:00:00-04:00,48.728336334228516,116.6515121459961,-2.3743059636952406,0.9555325866898556,0.9555325866898556,0.9555325866898556,0.9555325866898556,0.08200965617462186,0.0,0.9870266343621624
2022-06-09 00:00:00-04:00,47.36344909667969,114.81388092041016,-2.3725674551321596,2.4409030308192428,2.4409030308192428,2.4409030308192428,2.4409030308192428,0.7546094659396542,0.0,0.9870266343621624
2022-06-10 00:00:00-04:00,45.221336364746094,108.78949737548828,-2.370188615663271,1.6064007386875971,1.6064007386875971,1.6064007386875971,1.6064007386875971,0.13397551291419135,0.0,0.9870266343621624
2022-06-13 00:00:00-04:00,43.30670166015625,102.20623016357422,-2.3651295939649533,-0.2197315498725061,-0.2197315498725061,-0.2197315498725061,-0.2197315498725061,-1.2556369046266411,0.0,0.9870266343621624
2022-06-14 00:00:00-04:00,43.5626220703125,103.14495849609375,-2.359873072505567,0.3426997046265541,0.3426997046265541,0.3426997046265541,0.3426997046265541,-1.2157293782976077,0.0,0.9870266343621624
2022-06-15 00:00:00-04:00,45.09812545776367,105.43431091308594,-2.353114749687343,-0.6867532848280149,-0.6867532848280149,-0.6867532848280149,-0.6867532848280149,-1.5580000293278486,0.0,0.9870266343621624
2022-06-16 00:00:00-04:00,44.44410705566406,101.6219253540039,-2.343318445344019,-2.524770496377954,-2.524770496377954,-2.524770496377954,-2.524770496377954,-1.9138483182013206,0.0,0.9870266343621624
2022-06-17 00:00:00-04:00,44.093414306640625,102.18707275390625,-2.334826493504963,-0.7633991583290509,-0.7633991583290509,-0.7633991583290509,-0.7633991583290509,-0.7058141535702835,0.0,0.9870266343621624
2022-06-21 00:00:00-04:00,45.45829391479492,105.26188659667969,-2.327081671171932,-0.5232759751861522,-0.5232759751861522,-0.5232759751861522,-0.5232759751861522,-0.40353622847838266,0.0,0.9870266343621624
2022-06-22 00:00:00-04:00,44.73794174194336,106.64124298095703,-2.323975634144462,2.6713564509062024,2.6713564509062024,2.6713564509062024,2.6713564509062024,1.4239941352481378,0.0,0.9870266343621624
2022-06-23 00:00:00-04:00,43.93227767944336,110.15667724609375,-2.3295609389678495,7.81375920417338,7.81375920417338,7.81375920417338,7.81375920417338,2.318407732565241,-1.0,0.9870266343621624
2022-06-24 00:00:00-04:00,45.3635139465332,116.38291931152344,-2.3415067226457644,10.163946442881056,10.163946442881056,10.163946442881056,10.163946442881056,1.9300699265836632,-1.0,0.9764688299531796
2022-06-27 00:00:00-04:00,45.335079193115234,115.43461608886719,-2.3537556166781126,8.726918805525173,8.726918805525173,8.726918805525173,8.726918805525173,1.2326923104795073,-1.0,0.982937780490073
2022-06-28 00:00:00-04:00,44.747413635253906,112.90579986572266,-2.3639117492547594,7.126863024583315,7.126863024583315,7.126863024583315,7.126863024583315,0.7282403084305817,-1.0,0.990254504121712
2022-06-29 00:00:00-04:00,44.64315414428711,110.6356201171875,-2.3701588572022882,4.824252908658366,4.824252908658366,4.824252908658366,4.824252908658366,0.1412090024940353,0.0,1.0008927215641192
2022-06-30 00:00:00-04:00,43.591060638427734,108.82521057128906,-2.3756206890104803,5.269385062729739,5.269385062729739,5.269385062729739,5.269385062729739,0.06010957071732576,0.0,1.0008927215641192
2022-07-01 00:00:00-04:00,44.42515563964844,110.45361328125,-2.38005968948266,4.7190911443294965,4.7190911443294965,4.7190911443294965,4.7190911443294965,-0.28298980328387985,0.0,1.0008927215641192
2022-07-05 00:00:00-04:00,44.17871856689453,112.1490707397461,-2.3868758542426565,6.6999541210438025,6.6999541210438025,6.6999541210438025,6.6999541210438025,0.10988864405260637,0.0,1.0008927215641192
2022-07-06 00:00:00-04:00,43.74271011352539,111.9000244140625,-2.395156537574576,7.129386314422632,7.129386314422632,7.129386314422632,7.129386314422632,0.10288322455482257,0.0,1.0008927215641192
2022-07-07 00:00:00-04:00,44.48202133178711,113.91158294677734,-2.4037943448848123,6.985951620381911,6.985951620381911,6.985951620381911,6.985951620381911,0.07590309611965096,0.0,1.0008927215641192
2022-07-08 00:00:00-04:00,44.37776184082031,111.07624816894531,-2.4086725236521405,4.184752561782986,4.184752561782986,4.184752561782986,4.184752561782986,-1.3340996050948577,0.0,1.0008927215641192
2022-07-11 00:00:00-04:00,43.78062057495117,108.3366928100586,-2.410275672968325,2.813328090797256,2.813328090797256,2.813328090797256,2.813328090797256,-1.7611117601806727,0.0,1.0008927215641192
2022-07-12 00:00:00-04:00,43.7237548828125,108.97847747802734,-2.411684660111313,3.5305685446813158,3.5305685446813158,3.5305685446813158,3.5305685446813158,-1.0366897338560237,0.0,1.0008927215641192
2022-07-13 00:00:00-04:00,43.126617431640625,106.83280944824219,-2.4120211376657195,2.810496607102124,2.810496607102124,2.810496607102124,2.810496607102124,-1.2132475159377842,0.0,1.0008927215641192
2022-07-14 00:00:00-04:00,41.837554931640625,106.92860412597656,-2.416186713821167,5.841259761383256,5.841259761383256,5.841259761383256,5.841259761383256,0.49837063318226615,0.0,1.0008927215641192
2022-07-15 00:00:00-04:00,47.372928619384766,110.52066040039062,-2.4085774577470724,-3.5807075797206664,-3.5807075797206664,-3.5807075797206664,-3.5807075797206664,-2.2749578334220804,1.0,1.0008927215641192
2022-07-18 00:00:00-04:00,47.45823669433594,108.90184783935547,-2.394990834268248,-4.760194054112148,-4.760194054112148,-4.760194054112148,-4.760194054112148,-1.764359431693805,1.0,0.9955931804938791
2022-07-19 00:00:00-04:00,49.41078186035156,114.03610229492188,-2.3808564866960995,-3.6038782100221027,-3.6038782100221027,-3.6038782100221027,-3.6038782100221027,-1.1788377663959169,1.0,1.0005842690435287
2022-07-20 00:00:00-04:00,49.71409225463867,115.999755859375,-2.3691547890420814,-1.7806238885820562,-1.7806238885820562,-1.7806238885820562,-1.7806238885820562,-0.5961153744561559,1.0,1.008383282063619
2022-07-21 00:00:00-04:00,49.84678649902344,117.51322174072266,-2.360650868907951,-0.1576381204661459,-0.1576381204661459,-0.1576381204661459,-0.1576381204661459,-0.0745323006801166,0.0,1.0152841988138566
2022-07-22 00:00:00-04:00,49.20225524902344,115.9806137084961,-2.353790326862895,0.16882124350561867,0.16882124350561867,0.16882124350561867,0.16882124350561867,0.09317605756011584,0.0,1.0152841988138566
2022-07-25 00:00:00-04:00,49.43921661376953,115.16641235351562,-2.3461640094305727,-0.8260983201524823,-0.8260983201524823,-0.8260983201524823,-0.8260983201524823,-0.05107145745000411,0.0,1.0152841988138566
2022-07-26 00:00:00-04:00,48.7188606262207,112.19696807861328,-2.3371469839239696,-1.666170094170667,-1.666170094170667,-1.666170094170667,-1.666170094170667,-0.16547260748661072,0.0,1.0152841988138566
2022-07-27 00:00:00-04:00,49.619300842285156,115.36756896972656,-2.329628449089001,-0.226965896366778,-0.226965896366778,-0.226965896366778,-0.226965896366778,0.900983786289708,0.0,1.0152841988138566
2022-07-28 00:00:00-04:00,49.50556182861328,115.6932373046875,-2.323863021441429,0.6490928154907749,0.6490928154907749,0.6490928154907749,0.6490928154907749,1.106788398985284,0.0,1.0152841988138566
2022-07-29 00:00:00-04:00,49.6778564453125,118.26995086669922,-2.3218353681805177,2.926146756578163,2.926146756578163,2.926146756578163,2.926146756578163,1.8857235493955977,0.0,1.0152841988138566
2022-08-01 00:00:00-04:00,49.696998596191406,118.22205352783203,-2.3210404282650035,2.8733106226426486,2.8733106226426486,2.8733106226426486,2.8733106226426486,1.5478638082342377,0.0,1.0152841988138566
2022-08-02 00:00:00-04:00,48.57709503173828,117.47490692138672,-2.3230581819814096,4.627488851018626,4.627488851018626,4.627488851018626,4.627488851018626,1.7822554188998363,0.0,1.0152841988138566
2022-08-03 00:00:00-04:00,49.40027618408203,121.37348937988281,-2.328387975442607,6.350480329322423,6.350480329322423,6.350480329322423,6.350480329322423,1.7456658276485502,0.0,1.0152841988138566
2022-08-04 00:00:00-04:00,49.06525421142578,119.90792846679688,-2.3335723036938734,5.410610165314495,5.410610165314495,5.410610165314495,5.410610165314495,1.098881580427517,0.0,1.0152841988138566
2022-08-05 00:00:00-04:00,49.44813537597656,119.7738265991211,-2.3370746160403595,4.209844601398956,4.209844601398956,4.209844601398956,4.209844601398956,0.5232340981201247,0.0,1.0152841988138566
2022-08-08 00:00:00-04:00,49.26626968383789,122.38884735107422,-2.343667829805716,6.92507599853073,6.92507599853073,6.92507599853073,6.92507599853073,1.3037711892470767,0.0,1.0152841988138566
2022-08-09 00:00:00-04:00,49.85972213745117,119.4194107055664,-2.3453060913471733,2.48310066372467,2.48310066372467,2.48310066372467,2.48310066372467,-0.7784318560058184,0.0,1.0152841988138566
2022-08-10 00:00:00-04:00,50.91262435913086,124.4004135131836,-2.3484280798651884,4.835776848572294,4.835776848572294,4.835776848572294,4.835776848572294,0.2047838826402677,0.0,1.0152841988138566
2022-08-11 00:00:00-04:00,51.68794250488281,124.05555725097656,-2.3490783999415488,2.6365279753356816,2.6365279753356816,2.6365279753356816,2.6365279753356816,-1.1529508116515121,0.0,1.0152841988138566
2022-08-12 00:00:00-04:00,52.051673889160156,126.68975067138672,-2.3511407611980113,4.308938501996053,4.308938501996053,4.308938501996053,4.308938501996053,-0.2243947908774291,0.0,1.0152841988138566
2022-08-15 00:00:00-04:00,51.75494384765625,126.52690887451172,-2.3541772117013773,4.686599475474978,4.686599475474978,4.686599475474978,4.686599475474978,0.024803943173381082,0.0,1.0152841988138566
2022-08-16 00:00:00-04:00,51.86023712158203,126.57481384277344,-2.357063037729251,4.336965795618028,4.336965795618028,4.336965795618028,4.336965795618028,-0.06609564639500033,0.0,1.0152841988138566
2022-08-17 00:00:00-04:00,51.45821762084961,124.88893127441406,-2.358784596719698,3.5100801757038482,3.5100801757038482,3.5100801757038482,3.5100801757038482,-0.5333805619058348,0.0,1.0152841988138566
2022-08-18 00:00:00-04:00,51.25720977783203,126.22040557861328,-2.362284260473296,5.136305684662744,5.136305684662744,5.136305684662744,5.136305684662744,0.6035232476276833,0.0,1.0152841988138566
2022-08-19 00:00:00-04:00,50.357460021972656,121.09571075439453,-2.3623679962043025,2.1328588283487164,2.1328588283487164,2.1328588283487164,2.1328588283487164,-1.467601872717269,0.0,1.0152841988138566
2022-08-22 00:00:00-04:00,49.05568313598633,118.55731201171875,-2.362055886440911,2.685046896982115,2.685046896982115,2.685046896982115,2.685046896982115,-1.022072590013551,0.0,1.0152841988138566
2022-08-23 00:00:00-04:00,48.768531799316406,119.20867919921875,-2.363299509318112,3.954031927729531,3.954031927729531,3.954031927729531,3.954031927729531,0.23661819471312653,0.0,1.0152841988138566
2022-08-24 00:00:00-04:00,48.82596206665039,119.5630874633789,-2.3652280072056064,4.078554504578875,4.078554504578875,4.078554504578875,4.078554504578875,0.21865207344698454,0.0,1.0152841988138566
2022-08-25 00:00:00-04:00,49.83100891113281,121.06697082519531,-2.366162282598556,3.158717035840297,3.158717035840297,3.158717035840297,3.158717035840297,-0.6046020106673216,0.0,1.0152841988138566
2022-08-26 00:00:00-04:00,47.648624420166016,114.63957214355469,-2.3651457256299833,1.9436317640505933,1.9436317640505933,1.9436317640505933,1.9436317640505933,-1.4117790886802168,0.0,1.0152841988138566
2022-08-29 00:00:00-04:00,47.25617980957031,113.99779510498047,-2.3639342684715916,2.2872922560818694,2.2872922560818694,2.2872922560818694,2.2872922560818694,-0.8694668867631621,0.0,1.0152841988138566
2022-08-30 00:00:00-04:00,46.978599548339844,114.40010070800781,-2.364059952888888,3.3398748729735956,3.3398748729735956,3.3398748729735956,3.3398748729735956,0.14122647854147505,0.0,1.0152841988138566
2022-08-31 00:00:00-04:00,46.72016143798828,114.94609832763672,-2.3660596527546742,4.403409379027849,4.403409379027849,4.403409379027849,4.403409379027849,1.4300924506496067,0.0,1.0152841988138566
2022-09-01 00:00:00-04:00,46.66272735595703,113.98821258544922,-2.367506477872178,3.5139032950376645,3.5139032950376645,3.5139032950376645,3.5139032950376645,0.30158155053970015,0.0,1.0152841988138566
2022-09-02 00:00:00-04:00,46.748870849609375,113.35600280761719,-2.367637305567246,2.671632190936876,2.671632190936876,2.671632190936876,2.671632190936876,-0.7068914378640448,0.0,1.0152841988138566
2022-09-06 00:00:00-04:00,46.15542221069336,113.66253662109375,-2.3695069365188535,4.2969435348994836,4.2969435348994836,4.2969435348994836,4.2969435348994836,1.1382728810740768,0.0,1.0152841988138566
2022-09-07 00:00:00-04:00,46.54786682128906,116.16259765625,-2.373825629632797,5.666078391139905,5.666078391139905,5.666078391139905,5.666078391139905,1.8800058099926915,0.0,1.0152841988138566
2022-09-08 00:00:00-04:00,47.763492584228516,116.5840835571289,-2.3755549556744473,3.1192820483451413,3.1192820483451413,3.1192820483451413,3.1192820483451413,-0.3018071981904691,0.0,1.0152841988138566
2022-09-09 00:00:00-04:00,48.50051498413086,119.15120697021484,-2.377377925042224,3.8471532937625312,3.8471532937625312,3.8471532937625312,3.8471532937625312,0.16140848021191145,0.0,1.0152841988138566
2022-09-12 00:00:00-04:00,48.69195556640625,119.67804718017578,-2.3792083300046785,3.829740892364356,3.829740892364356,3.829740892364356,3.829740892364356,-0.028037968542128193,0.0,1.0152841988138566
2022-09-13 00:00:00-04:00,46.90202331542969,111.28697967529297,-2.3756753744145716,-0.13700212539141887,-0.13700212539141887,-0.13700212539141887,-0.13700212539141887,-2.2562498270307447,1.0,1.0152841988138566
2022-09-14 00:00:00-04:00,46.35643005371094,110.74496459960938,-2.3715734118393126,0.8072876164396803,0.8072876164396803,0.8072876164396803,0.8072876164396803,-1.2742325610244665,1.0,1.0195631476929279
2022-09-15 00:00:00-04:00,46.36600112915039,108.48013305664062,-2.364605208514398,-1.1571547113328364,-1.1571547113328364,-1.1571547113328364,-1.1571547113328364,-1.64893520829619,1.0,1.0105567954247516
2022-09-16 00:00:00-04:00,46.05012893676758,106.59275817871094,-2.3556472490758975,-1.885101370775999,-1.885101370775999,-1.885101370775999,-1.885101370775999,-1.4618579026411576,1.0,1.007172108724483
2022-09-19 00:00:00-04:00,46.174564361572266,110.26102447509766,-2.350862496085049,1.7109728444121401,1.7109728444121401,1.7109728444121401,1.7109728444121401,-0.017533092992784584,0.0,1.0236067165112006
2022-09-20 00:00:00-04:00,45.226951599121094,108.19943237304688,-2.3479316438954116,2.009641556544267,2.009641556544267,2.009641556544267,2.009641556544267,0.3141305837262545,0.0,1.0236067165112006
2022-09-21 00:00:00-04:00,44.346343994140625,106.51532745361328,-2.346263137032673,2.467135277990849,2.467135277990849,2.467135277990849,2.467135277990849,0.5824131386057868,0.0,1.0236067165112006
2022-09-22 00:00:00-04:00,43.62845230102539,104.25048065185547,-2.344353912472325,1.9699478048343764,1.9699478048343764,1.9699478048343764,1.9699478048343764,0.49174639195374653,0.0,1.0236067165112006
2022-09-23 00:00:00-04:00,42.36497116088867,103.8826904296875,-2.3458122406798503,4.502422504426008,4.502422504426008,4.502422504426008,4.502422504426008,1.706309500712372,0.0,1.0236067165112006
2022-09-26 00:00:00-04:00,41.149349212646484,104.02787017822266,-2.352214291350436,7.235782880465791,7.235782880465791,7.235782880465791,7.235782880465791,1.918418065308519,0.0,1.0236067165112006
2022-09-27 00:00:00-04:00,40.766475677490234,103.33099365234375,-2.360257149861512,7.1116279598920045,7.1116279598920045,7.1116279598920045,7.1116279598920045,1.396278700789003,0.0,1.0236067165112006
2022-09-28 00:00:00-04:00,41.54179000854492,106.10881042480469,-2.3697197443446183,7.666410426137801,7.666410426137801,7.666410426137801,7.666410426137801,1.248983970729438,0.0,1.0236067165112006
2022-09-29 00:00:00-04:00,40.57503128051758,103.94075775146484,-2.379360468816397,7.398132301612563,7.398132301612563,7.398132301612563,7.398132301612563,1.0205683636607359,0.0,1.0236067165112006
2022-09-30 00:00:00-04:00,39.885860443115234,101.63719940185547,-2.3877273408268733,6.400639909424157,6.400639909424157,6.400639909424157,6.400639909424157,0.4882371275214699,0.0,1.0236067165112006
2022-10-03 00:00:00-04:00,40.73775863647461,105.22804260253906,-2.3973119444156907,7.566927234595013,7.566927234595013,7.566927234595013,7.566927234595013,0.7769182654131903,0.0,1.0236067165112006
2022-10-04 00:00:00-04:00,42.508548736572266,109.62222290039062,-2.4070375739093897,7.302548879102673,7.302548879102673,7.302548879102673,7.302548879102673,0.4984530310799027,0.0,1.0236067165112006
2022-10-05 00:00:00-04:00,41.962955474853516,107.95747375488281,-2.415805161219114,6.583149338723814,6.583149338723814,6.583149338723814,6.583149338723814,-0.28558716328199213,0.0,1.0236067165112006
2022-10-06 00:00:00-04:00,41.21635055541992,107.35738372802734,-2.4253653692390325,7.39267444449591,7.39267444449591,7.39267444449591,7.39267444449591,0.48707789442425786,0.0,1.0236067165112006
2022-10-07 00:00:00-04:00,40.38359451293945,102.78897857666016,-2.4313123893535344,4.603844910721051,4.603844910721051,4.603844910721051,4.603844910721051,-2.3867332295494736,1.0,1.0236067165112006
2022-10-10 00:00:00-04:00,39.8188591003418,102.48894500732422,-2.437103270725879,5.446273257308292,5.446273257308292,5.446273257308292,5.446273257308292,-1.1828449741608977,1.0,1.027828745883176
2022-10-11 00:00:00-04:00,38.718101501464844,100.05955505371094,-2.4428934004092766,5.475360419405973,5.475360419405973,5.475360419405973,5.475360419405973,-0.9239478680720998,1.0,1.0279781838288808
2022-10-12 00:00:00-04:00,39.09139633178711,94.92011260986328,-2.4402638083751946,-0.4732070774476398,-0.4732070774476398,-0.4732070774476398,-0.4732070774476398,-2.4369017909255732,1.0,0.9967214962422426
2022-10-13 00:00:00-04:00,41.11105728149414,98.68516540527344,-2.4331114323276695,-1.3426180614076344,-1.3426180614076344,-1.3426180614076344,-1.3426180614076344,-1.8077510354886235,1.0,0.9923462857242797
2022-10-14 00:00:00-04:00,41.37907028198242,95.15239715576172,-2.4190378703248805,-4.945140895188587,-4.945140895188587,-4.945140895188587,-4.945140895188587,-1.8618227247846073,1.0,0.9738954584296794
2022-10-17 00:00:00-04:00,41.723655700683594,99.4981918334961,-2.4079610003902903,-0.9707438874620067,-0.9707438874620067,-0.9707438874620067,-0.9707438874620067,-0.7735830751277377,1.0,0.9937707102089715
2022-10-18 00:00:00-04:00,42.25968551635742,100.77579498291016,-2.398591102868664,-0.5879107066524938,-0.5879107066524938,-0.5879107066524938,-0.5879107066524938,-0.52908231159041,1.0,0.9956646160489281
2022-10-19 00:00:00-04:00,41.48435974121094,97.90117645263672,-2.389014843625648,-1.2055747474224603,-1.2055747474224603,-1.2055747474224603,-1.2055747474224603,-0.5142102339483171,1.0,0.9925293917555238
2022-10-20 00:00:00-04:00,41.082340240478516,96.5171127319336,-2.37931938006415,-1.230895580626239,-1.230895580626239,-1.230895580626239,-1.230895580626239,-0.37169071131716047,1.0,0.9923990501220507
2022-10-21 00:00:00-04:00,42.36497116088867,99.2271728515625,-2.3696482588689323,-1.162907296869875,-1.162907296869875,-1.162907296869875,-1.162907296869875,-0.1667761082833112,0.0,0.992739643346006
2022-10-24 00:00:00-04:00,42.508548736572266,101.04679870605469,-2.362554843455877,0.6180210001856778,0.6180210001856778,0.6180210001856778,0.6180210001856778,1.2394678719275638,0.0,0.992739643346006
2022-10-25 00:00:00-04:00,43.37958526611328,105.19901275634766,-2.359651466435879,2.8383107697831917,2.8383107697831917,2.8383107697831917,2.8383107697831917,1.8287197001148148,0.0,0.992739643346006
2022-10-26 00:00:00-04:00,43.465728759765625,105.56680297851562,-2.3586748100170856,3.04528345382127,3.04528345382127,3.04528345382127,3.04528345382127,1.4316706827827677,0.0,0.992739643346006
2022-10-27 00:00:00-04:00,43.49444580078125,103.21484375,-2.355193720473957,0.7769981245051412,0.7769981245051412,0.7769981245051412,0.7769981245051412,0.3163801201293447,0.0,0.992739643346006
2022-10-28 00:00:00-04:00,44.154903411865234,105.1506118774414,-2.351528141101635,1.319113936815711,1.319113936815711,1.319113936815711,1.319113936815711,0.49369375099358265,0.0,0.992739643346006
2022-10-31 00:00:00-04:00,43.89646530151367,102.75027465820312,-2.3456125163446746,-0.2138237763170565,-0.2138237763170565,-0.2138237763170565,-0.2138237763170565,-0.45076166258280403,0.0,0.992739643346006
2022-11-01 00:00:00-04:00,44.24105453491211,103.26325225830078,-2.3388503294848153,-0.20995271743409205,-0.20995271743409205,-0.20995271743409205,-0.20995271743409205,-0.5486528203272546,0.0,0.992739643346006
2022-11-02 00:00:00-04:00,43.599735260009766,101.29844665527344,-2.3315756832253323,-0.3576358720274442,-0.3576358720274442,-0.3576358720274442,-0.3576358720274442,-0.7590412019275086,0.0,0.992739643346006
2022-11-03 00:00:00-04:00,42.67127227783203,97.96893310546875,-2.3229861669051552,-1.155842120178491,-1.155842120178491,-1.155842120178491,-1.155842120178491,-1.3129864072585609,0.0,0.992739643346006
2022-11-04 00:00:00-04:00,43.69762420654297,99.52722930908203,-2.313307399936997,-1.5588081275798658,-1.5588081275798658,-1.5588081275798658,-1.5588081275798658,-1.2569928740137895,0.0,0.992739643346006
2022-11-07 00:00:00-05:00,44.27858352661133,101.40491485595703,-2.304533987835376,-0.6365858143263523,-0.6365858143263523,-0.6365858143263523,-0.6365858143263523,-0.5311632785453614,0.0,0.992739643346006
2022-11-08 00:00:00-05:00,44.65620422363281,105.58615112304688,-2.301047076449408,2.8301229489288744,2.8301229489288744,2.8301229489288744,2.8301229489288744,2.0246794068779774,-1.0,0.992739643346006
2022-11-09 00:00:00-05:00,43.92032241821289,103.679443359375,-2.2993717699251444,2.6902938649258346,2.6902938649258346,2.6902938649258346,2.6902938649258346,1.4904747247639751,-1.0,0.993422840909703
2022-11-10 00:00:00-05:00,46.883201599121094,120.6463851928711,-2.311973683695892,12.25365688829396,12.25365688829396,12.25365688829396,12.25365688829396,2.4871973538642123,-1.0,0.9516685620123798
2022-11-11 00:00:00-05:00,48.597023010253906,129.05728149414062,-2.33467193521821,15.599175736947245,15.599175736947245,15.599175736947245,15.599175736947245,1.9591718610069606,-1.0,0.9378734833306873
2022-11-14 00:00:00-05:00,47.46416091918945,121.46908569335938,-2.3527513432870095,9.797717332745606,9.797717332745606,9.797717332745606,9.797717332745606,0.8352509912567216,-1.0,0.9627574462093843
2022-11-15 00:00:00-05:00,47.47384262084961,122.29178619384766,-2.369088995765301,9.822028054099107,9.822028054099107,9.822028054099107,9.822028054099107,0.668906552861017,-1.0,0.9626538912535566
2022-11-16 00:00:00-05:00,46.83479309082031,119.89144134521484,-2.3825852203272557,8.303555529941292,8.303555529941292,8.303555529941292,8.303555529941292,0.2910407552640273,0.0,0.9692137536083709
2022-11-17 00:00:00-05:00,46.718597412109375,118.82676696777344,-2.39321318392249,7.019203706746168,7.019203706746168,7.019203706746168,7.019203706746168,-0.09752244266836224,0.0,0.9692137536083709
2022-11-18 00:00:00-05:00,47.1155891418457,118.14926147460938,-2.4000545043323163,5.069279530451823,5.069279530451823,5.069279530451823,5.069279530451823,-0.7202221935217069,0.0,0.9692137536083709
2022-11-21 00:00:00-05:00,47.32860565185547,117.1136245727539,-2.403142893748957,3.3762222294507183,3.3762222294507183,3.3762222294507183,3.3762222294507183,-1.151686501558772,0.0,0.9692137536083709
2022-11-22 00:00:00-05:00,47.76432418823242,120.43345642089844,-2.4077218483733067,5.4302495001056315,5.4302495001056315,5.4302495001056315,5.4302495001056315,-0.8056302322438397,0.0,0.9692137536083709
2022-11-23 00:00:00-05:00,46.70891571044922,120.4044189453125,-2.415779655537164,7.565970639809066,7.565970639809066,7.565970639809066,7.565970639809066,-0.12096873293011827,0.0,0.9692137536083709
2022-11-25 00:00:00-05:00,46.75733184814453,121.0335464477539,-2.4251800866760043,7.638596343532058,7.638596343532058,7.638596343532058,7.638596343532058,0.24270285026749083,0.0,0.9692137536083709
2022-11-28 00:00:00-05:00,45.73097229003906,117.23944091796875,-2.4327581316263776,5.987046212195679,5.987046212195679,5.987046212195679,5.987046212195679,-0.36386987315223673,0.0,0.9692137536083709
2022-11-29 00:00:00-05:00,46.060184478759766,116.62968444824219,-2.4374413920245215,4.3606842754277295,4.3606842754277295,4.3606842754277295,4.3606842754277295,-1.0345715898622845,0.0,0.9692137536083709
2022-11-30 00:00:00-05:00,46.87351989746094,120.89804077148438,-2.443834323647862,6.346923975878312,6.346923975878312,6.346923975878312,6.346923975878312,0.33089745266950304,0.0,0.9692137536083709
2022-12-01 00:00:00-05:00,46.26351547241211,123.00801849365234,-2.4550809184828615,9.427344435396748,9.427344435396748,9.427344435396748,9.427344435396748,1.7730956562507443,0.0,0.9692137536083709
2022-12-02 00:00:00-05:00,45.740657806396484,121.96271514892578,-2.4675939541583327,9.093344486636667,9.093344486636667,9.093344486636667,9.093344486636667,1.2290724989677122,0.0,0.9692137536083709
2022-12-05 00:00:00-05:00,44.191436767578125,119.65914916992188,-2.4817757167135697,9.985914513463285,9.985914513463285,9.985914513463285,9.985914513463285,1.3813379162534385,0.0,0.9692137536083709
2022-12-06 00:00:00-05:00,43.55238723754883,117.43302154541016,-2.49491323990994,8.773593996764887,8.773593996764887,8.773593996764887,8.773593996764887,0.5890785992760358,0.0,0.9692137536083709
2022-12-07 00:00:00-05:00,43.252220153808594,117.3555908203125,-2.5078652461214253,8.884851078983246,8.884851078983246,8.884851078983246,8.884851078983246,0.557527886377297,0.0,0.9692137536083709
2022-12-08 00:00:00-05:00,43.27159118652344,118.33316040039062,-2.5212728957048496,9.233670387788223,9.233670387788223,9.233670387788223,9.233670387788223,0.630570842146652,0.0,0.9692137536083709
2022-12-09 00:00:00-05:00,43.43619918823242,115.98120880126953,-2.53048877898485,6.066394153696535,6.066394153696535,6.066394153696535,6.066394153696535,-1.0119220238217999,0.0,0.9692137536083709
2022-12-12 00:00:00-05:00,44.31731414794922,117.10394287109375,-2.536303045851231,4.70180401370429,4.70180401370429,4.70180401370429,4.70180401370429,-1.8130021575398862,0.0,0.9692137536083709
2022-12-13 00:00:00-05:00,45.11128616333008,119.5042953491211,-2.5411153321049467,4.871314428509294,4.871314428509294,4.871314428509294,4.871314428509294,-1.457617746011511,0.0,0.9692137536083709
2022-12-14 00:00:00-05:00,44.52064514160156,114.77135467529297,-2.5410569396942444,1.641860378561475,1.641860378561475,1.641860378561475,1.641860378561475,-1.8987987862465594,0.0,0.9692137536083709
2022-12-15 00:00:00-05:00,43.20381164550781,109.4718017578125,-2.536762155303662,-0.12599258937935076,-0.12599258937935076,-0.12599258937935076,-0.12599258937935076,-1.717974784748355,0.0,0.9692137536083709
2022-12-16 00:00:00-05:00,42.942378997802734,108.06380462646484,-2.530259942301774,-0.5915767788164175,-0.5915767788164175,-0.5915767788164175,-0.5915767788164175,-1.4169515983198966,0.0,0.9692137536083709
2022-12-19 00:00:00-05:00,42.53571319580078,107.09580993652344,-2.5234246536178495,-0.2398574009783374,-0.2398574009783374,-0.2398574009783374,-0.2398574009783374,-1.05823688195646,0.0,0.9692137536083709
2022-12-20 00:00:00-05:00,42.419525146484375,106.88069915771484,-2.516942030007491,0.11321342356865216,0.11321342356865216,0.11321342356865216,0.11321342356865216,-0.7833637069243393,0.0,0.9692137536083709
2022-12-21 00:00:00-05:00,43.38778305053711,110.53758239746094,-2.512543541386037,1.523888318775363,1.523888318775363,1.523888318775363,1.523888318775363,-0.1846098435852622,0.0,0.9692137536083709
2022-12-22 00:00:00-05:00,42.59381103515625,107.82913970947266,-2.50818098268205,0.996152891140909,0.996152891140909,0.996152891140909,0.996152891140909,-0.21213214070629927,0.0,0.9692137536083709
2022-12-23 00:00:00-05:00,42.8552360534668,108.65047454833984,-2.5042877534044705,1.3286317303852115,1.3286317303852115,1.3286317303852115,1.3286317303852115,0.1639508794772847,0.0,0.9692137536083709
2022-12-27 00:00:00-05:00,42.98111343383789,108.2691421508789,-2.4998527004590843,0.8226896645610253,0.8226896645610253,0.8226896645610253,0.8226896645610253,0.25780292377167713,0.0,0.9692137536083709
2022-12-28 00:00:00-05:00,43.20381164550781,105.67803192138672,-2.4912992112336925,-1.9555899533559113,-1.9555899533559113,-1.9555899533559113,-1.9555899533559113,-1.9721635714527679,0.0,0.9692137536083709
2022-12-29 00:00:00-05:00,43.7266731262207,108.8558120727539,-2.4842689689437183,0.2269949101386004,0.2269949101386004,0.2269949101386004,0.2269949101386004,-0.018512759839410056,0.0,0.9692137536083709
2022-12-30 00:00:00-05:00,43.79444885253906,106.6362533569336,-2.4750159969053205,-1.7557081287524454,-1.7557081287524454,-1.7557081287524454,-1.7557081287524454,-1.489299991024045,0.0,0.9692137536083709
2023-01-03 00:00:00-05:00,44.326995849609375,106.72425842285156,-2.4638877645890647,-2.4924842919912322,-2.4924842919912322,-2.4924842919912322,-2.4924842919912322,-1.5402271958692895,0.0,0.9692137536083709
2023-01-04 00:00:00-05:00,45.46954345703125,108.88513946533203,-2.451899827298672,-2.6016262843123457,-2.6016262843123457,-2.6016262843123457,-2.6016262843123457,-1.2514166905824444,0.0,0.9692137536083709
2023-01-05 00:00:00-05:00,45.266204833984375,105.80514526367188,-2.4369425284798365,-4.5059943991442,-4.5059943991442,-4.5059943991442,-4.5059943991442,-1.6824792442932888,0.0,0.9692137536083709
2023-01-06 00:00:00-05:00,45.80843734741211,109.79447174072266,-2.4253985702163545,-1.3092467055361254,-1.3092467055361254,-1.3092467055361254,-1.3092467055361254,0.02739151773365679,0.0,0.9692137536083709
2023-01-09 00:00:00-05:00,46.03113555908203,112.29757690429688,-2.418362241632969,0.9776167287241861,0.9776167287241861,0.9776167287241861,0.9776167287241861,1.3192515864008496,0.0,0.9692137536083709
2023-01-10 00:00:00-05:00,46.66050338745117,114.59535217285156,-2.4143571505735104,1.9402321699993195,1.9402321699993195,1.9402321699993195,1.9402321699993195,1.6065323010807246,0.0,0.9692137536083709
2023-01-11 00:00:00-05:00,47.163997650146484,117.59711456298828,-2.4140076779606194,3.7428621122180488,3.7428621122180488,3.7428621122180488,3.7428621122180488,1.7010892557827795,0.0,0.9692137536083709
2023-01-12 00:00:00-05:00,47.53194046020508,116.91268157958984,-2.4128741920861514,2.22408914338547,2.22408914338547,2.22408914338547,2.22408914338547,0.9641339613058729,0.0,0.9692137536083709
2023-01-13 00:00:00-05:00,48.335594177246094,115.8762435913086,-2.4076528891885354,-0.4990893801825109,-0.4990893801825109,-0.4990893801825109,-0.4990893801825109,-0.08106647153762402,0.0,0.9692137536083709
2023-01-17 00:00:00-05:00,48.713218688964844,116.00334930419922,-2.4003730913025776,-0.9265500275298137,-0.9265500275298137,-0.9265500275298137,-0.9265500275298137,-0.3172376818695286,0.0,0.9692137536083709
2023-01-18 00:00:00-05:00,47.86115264892578,114.59535217285156,-2.3937166666304233,0.02931339297508373,0.02931339297508373,0.02931339297508373,0.02931339297508373,-0.06496130551311805,0.0,0.9692137536083709
2023-01-19 00:00:00-05:00,47.80305099487305,111.46646881103516,-2.3838158001703573,-2.4871994468925323,-2.4871994468925323,-2.4871994468925323,-2.4871994468925323,-1.4678740948629443,0.0,0.9692137536083709
2023-01-20 00:00:00-05:00,49.46846389770508,115.1917953491211,-2.373150803792145,-2.2043295120804203,-2.2043295120804203,-2.2043295120804203,-2.2043295120804203,-1.2031311207302273,0.0,0.9692137536083709
2023-01-23 00:00:00-05:00,50.33021545410156,116.03268432617188,-2.3614087160990103,-2.8175251302846647,-2.8175251302846647,-2.8175251302846647,-2.8175251302846647,-1.1715202689092727,0.0,0.9692137536083709
2023-01-24 00:00:00-05:00,49.78798294067383,114.86912536621094,-2.350277459777082,-2.146448707020639,-2.146448707020639,-2.146448707020639,-2.146448707020639,-0.7004372347488167,0.0,0.9692137536083709
2023-01-25 00:00:00-05:00,50.25275421142578,114.04779052734375,-2.337641310996133,-3.425123708620049,-3.425123708620049,-3.425123708620049,-3.425123708620049,-1.1745650147656037,0.0,0.9692137536083709
2023-01-26 00:00:00-05:00,50.53355026245117,112.03358459472656,-2.3219588242563622,-5.30323835817434,-5.30323835817434,-5.30323835817434,-5.30323835817434,-1.9129743903763377,0.0,0.9692137536083709
2023-01-27 00:00:00-05:00,50.21402359008789,113.70557403564453,-2.309435044293066,-2.2604517582631445,-2.2604517582631445,-2.2604517582631445,-2.2604517582631445,0.0890600005429066,0.0,0.9692137536083709
2023-01-30 00:00:00-05:00,50.107513427734375,110.93846893310547,-2.2955585052598084,-4.086259693350229,-4.086259693350229,-4.086259693350229,-4.086259693350229,-0.908175316616119,0.0,0.9692137536083709
2023-01-31 00:00:00-05:00,50.562599182128906,113.8815689086914,-2.2845774814971356,-1.632606588765782,-1.632606588765782,-1.632606588765782,-1.632606588765782,1.1214240906349695,0.0,0.9692137536083709
2023-02-01 00:00:00-05:00,50.49482345581055,117.37223815917969,-2.279881176100612,2.250040671753567,2.250040671753567,2.250040671753567,2.250040671753567,2.229906032118359,-1.0,0.9692137536083709
2023-02-02 00:00:00-05:00,50.562599182128906,125.88866424560547,-2.2880799479984932,10.19739493829131,10.19739493829131,10.19739493829131,10.19739493829131,2.3894186262757335,-1.0,0.9363163430095025
2023-02-03 00:00:00-05:00,49.819461822509766,123.0237808227539,-2.2983732060322106,8.520064630952817,8.520064630952817,8.520064630952817,8.520064630952817,1.4818715083859684,-1.0,0.9433779688356514
2023-02-06 00:00:00-05:00,49.73146057128906,119.80690002441406,-2.3048714615163637,5.182275814123628,5.182275814123628,5.182275814123628,5.182275814123628,0.7209666724824628,-1.0,0.9576157673899427
2023-02-07 00:00:00-05:00,49.99546813964844,121.0780029296875,-2.310586497828147,5.559149293618518,5.559149293618518,5.559149293618518,5.559149293618518,0.622905351972015,-1.0,0.9560228743778999
2023-02-08 00:00:00-05:00,50.0150260925293,117.63623046875,-2.3112953449748717,2.0367334822902876,2.0367334822902876,2.0367334822902876,2.0367334822902876,-0.16766433342227774,0.0,0.9711252596331977
2023-02-09 00:00:00-05:00,48.87098693847656,114.43890380859375,-2.3096790594377534,1.5626086627384694,1.5626086627384694,1.5626086627384694,1.5626086627384694,-0.37636680298054964,0.0,0.9711252596331977
2023-02-10 00:00:00-05:00,48.99810028076172,115.00601959228516,-2.307770500633683,1.9296491772522728,1.9296491772522728,1.9296491772522728,1.9296491772522728,-0.5427673861368787,0.0,0.9711252596331977
2023-02-13 00:00:00-05:00,49.868350982666016,118.66290283203125,-2.307962014379545,3.5686430442912354,3.5686430442912354,3.5686430442912354,3.5686430442912354,-0.3103165406153387,0.0,0.9711252596331977
2023-02-14 00:00:00-05:00,50.46481704711914,118.21312713623047,-2.3065093015763147,1.8155572147032046,1.8155572147032046,1.8155572147032046,1.8155572147032046,-0.8466098166493733,0.0,0.9711252596331977
2023-02-15 00:00:00-05:00,50.67015838623047,119.31800842285156,-2.3054253384117502,2.5017413778991937,2.5017413778991937,2.5017413778991937,2.5017413778991937,-0.4796725452075893,0.0,0.9711252596331977
2023-02-16 00:00:00-05:00,50.318145751953125,116.4335708618164,-2.301927364970844,0.604854200804084,0.604854200804084,0.604854200804084,0.604854200804084,-1.27686958630602,0.0,0.9711252596331977
2023-02-17 00:00:00-05:00,50.279029846191406,116.09135437011719,-2.2975796831858437,0.5712769052131534,0.5712769052131534,0.5712769052131534,0.5712769052131534,-1.079677628879226,0.0,0.9711252596331977
2023-02-21 00:00:00-05:00,48.734092712402344,110.71358489990234,-2.29094926277318,-0.9337488714956095,-0.9337488714956095,-0.9337488714956095,-0.9337488714956095,-1.890942584599295,0.0,0.9711252596331977
2023-02-22 00:00:00-05:00,48.92965316772461,109.73580932617188,-2.282211262280714,-1.9319961926984348,-1.9319961926984348,-1.9319961926984348,-1.9319961926984348,-1.7620167940890885,0.0,0.9711252596331977
2023-02-23 00:00:00-05:00,49.26211166381836,110.15625,-2.2729177713490514,-1.8124790548741316,-1.8124790548741316,-1.8124790548741316,-1.8124790548741316,-1.2946236935410915,0.0,0.9711252596331977
2023-02-24 00:00:00-05:00,49.066551208496094,107.71180725097656,-2.2615127805455906,-3.252825404332043,-3.252825404332043,-3.252825404332043,-3.252825404332043,-1.4867467402693961,0.0,0.9711252596331977
2023-02-27 00:00:00-05:00,49.35011672973633,109.0709228515625,-2.251042485913882,-2.018286591883424,-2.018286591883424,-2.018286591883424,-2.018286591883424,-0.7790114766700518,0.0,0.9711252596331977
2023-02-28 00:00:00-05:00,49.56523132324219,109.7846908569336,-2.2418046411872465,-1.3308747650302308,-1.3308747650302308,-1.3308747650302308,-1.3308747650302308,-0.275879740567956,0.0,0.9711252596331977
2023-03-01 00:00:00-05:00,50.35725784301758,108.66024780273438,-2.22989660092405,-3.6312302932664835,-3.6312302932664835,-3.6312302932664835,-3.6312302932664835,-1.434359073586269,0.0,0.9711252596331977
2023-03-02 00:00:00-05:00,50.25947570800781,108.68959045410156,-2.218226542875369,-2.797312592401198,-2.797312592401198,-2.797312592401198,-2.797312592401198,-0.700112022096058,0.0,0.9711252596331977
2023-03-03 00:00:00-05:00,51.18839645385742,110.9677963256836,-2.2076527777402752,-2.038409293745204,-2.038409293745204,-2.038409293745204,-2.038409293745204,0.1775568737887598,0.0,0.9711252596331977
2023-03-06 00:00:00-05:00,51.02216720581055,112.04335021972656,-2.199925085966616,-0.20159535671925255,-0.20159535671925255,-0.20159535671925255,-0.20159535671925255,1.8568195128341163,0.0,0.9711252596331977
2023-03-07 00:00:00-05:00,49.94658279418945,108.79713439941406,-2.1924860876198715,-0.7100535010003597,-0.7100535010003597,-0.7100535010003597,-0.7100535010003597,1.119601489398071,0.0,0.9711252596331977
2023-03-08 00:00:00-05:00,49.55545425415039,110.14646911621094,-2.1883567648982525,1.7014555615350417,1.7014555615350417,1.7014555615350417,1.7014555615350417,1.9660069119694712,0.0,0.9711252596331977
2023-03-09 00:00:00-05:00,47.5216064453125,108.84603118896484,-2.18945259455877,4.799726659674633,4.799726659674633,4.799726659674633,4.799726659674633,2.129940592059673,-1.0,0.9711252596331977
2023-03-10 00:00:00-05:00,47.26737594604492,102.69581604003906,-2.185112747743301,-0.5887296920387826,-0.5887296920387826,-0.5887296920387826,-0.5887296920387826,-0.022027201290648682,0.0,0.9972853086075503
2023-03-13 00:00:00-04:00,43.74726104736328,104.27003479003906,-2.1909486900660387,8.42203050434145,8.42203050434145,8.42203050434145,8.42203050434145,2.0307629682429953,-1.0,0.9972853086075503
2023-03-14 00:00:00-04:00,46.348236083984375,105.40748596191406,-2.1939768371891195,3.7205295490794015,3.7205295490794015,3.7205295490794015,3.7205295490794015,0.6441602843343558,-1.0,1.0199875158775764
2023-03-15 00:00:00-04:00,43.82548141479492,105.49651336669922,-2.2030543769649045,8.946594713241197,8.946594713241197,8.946594713241197,8.946594713241197,1.5474284064570958,-1.0,0.9941218516740116
2023-03-16 00:00:00-04:00,44.607730865478516,106.97025299072266,-2.2133148464342787,8.239300000414445,8.239300000414445,8.239300000414445,8.239300000414445,1.103736295238884,-1.0,0.9975603084854509
2023-03-17 00:00:00-04:00,43.268131256103516,106.99003601074219,-2.227229323816749,10.621985290396424,10.621985290396424,10.621985290396424,10.621985290396424,1.313025014648896,-1.0,0.9858436104761273
2023-03-20 00:00:00-04:00,43.11167907714844,106.3965835571289,-2.241337238443101,9.768771829707816,9.768771829707816,9.768771829707816,9.768771829707816,0.9135834870234655,-1.0,0.9900461274174672
2023-03-21 00:00:00-04:00,44.06993103027344,109.27484130859375,-2.2557333627635154,9.864827588918857,9.864827588918857,9.864827588918857,9.864827588918857,0.7506286446969238,-1.0,0.9895858364241509
2023-03-22 00:00:00-04:00,42.740108489990234,106.95046997070312,-2.270327738837256,9.916416104964597,9.916416104964597,9.916416104964597,9.916416104964597,0.611290347250918,-1.0,0.989332932355374
2023-03-23 00:00:00-04:00,42.48588180541992,107.66261291503906,-2.285923874086509,10.543121384412032,10.543121384412032,10.543121384412032,10.543121384412032,0.7788559090048568,-1.0,0.9862725805675853
2023-03-24 00:00:00-04:00,42.15342330932617,108.45389556884766,-2.30308578602409,11.370945512881988,11.370945512881988,11.370945512881988,11.370945512881988,0.9515438173477374,-1.0,0.9822449614516382
2023-03-27 00:00:00-04:00,43.7863655090332,107.37577819824219,-2.313606733061916,6.071348140232914,6.071348140232914,6.071348140232914,6.071348140232914,-2.1642502016208525,1.0,1.007640744870358
2023-03-28 00:00:00-04:00,44.21660614013672,106.94058227539062,-2.3194026096000897,4.384470606298166,4.384470606298166,4.384470606298166,4.384470606298166,-1.9742454562938236,1.0,0.9995886964004103
2023-03-29 00:00:00-04:00,44.93041229248047,109.44298553466797,-2.3243588761448106,5.008582913795081,5.008582913795081,5.008582913795081,5.008582913795081,-1.3481697467771803,1.0,1.002506780976247
2023-03-30 00:00:00-04:00,45.04774475097656,109.1660385131836,-2.3280186825335805,4.294047126906122,4.294047126906122,4.294047126906122,4.294047126906122,-1.2459362247374408,1.0,0.9991684219602133
2023-03-31 00:00:00-04:00,45.84954833984375,111.66844177246094,-2.331850581929996,4.754145794968807,4.754145794968807,4.754145794968807,4.754145794968807,-0.871901096562407,1.0,1.0012733396348605
2023-04-03 00:00:00-04:00,45.673545837402344,111.12443542480469,-2.3353332986018,4.4614829655033645,4.4614829655033645,4.4614829655033645,4.4614829655033645,-0.7751114148598821,1.0,0.9999295390029288
2023-04-04 00:00:00-04:00,45.06730270385742,109.39352416992188,-2.3380763825918347,4.022728090915706,4.022728090915706,4.022728090915706,4.022728090915706,-0.7363981268935723,1.0,0.997886579194339
2023-04-05 00:00:00-04:00,44.75440216064453,108.39453887939453,-2.3400578786592017,3.6666474986958946,3.6666474986958946,3.6666474986958946,3.6666474986958946,-0.7069106706646651,1.0,0.9962157996720463
2023-04-06 00:00:00-04:00,44.842403411865234,108.02857971191406,-2.3409171257964942,3.0562296032035903,3.0562296032035903,3.0562296032035903,3.0562296032035903,-1.5953493439790187,1.0,0.993350000466351
2023-04-10 00:00:00-04:00,45.487762451171875,109.33418273925781,-2.3410741445997734,2.843958169122928,2.843958169122928,2.843958169122928,2.843958169122928,-1.6428496339021617,1.0,0.9923664627991939
2023-04-11 00:00:00-04:00,46.152671813964844,111.67833709716797,-2.3420110799299163,3.5882683404931583,3.5882683404931583,3.5882683404931583,3.5882683404931583,-0.5106081322407229,1.0,0.9957532561304666
2023-04-12 00:00:00-04:00,45.878883361816406,109.20560455322266,-2.3407637379111925,1.81397804402566,1.81397804402566,1.81397804402566,1.81397804402566,-1.9501318073327205,1.0,0.9875615987959544
2023-04-13 00:00:00-04:00,46.25045394897461,111.25302124023438,-2.340385796379232,3.0091157419624466,3.0091157419624466,3.0091157419624466,3.0091157419624466,-0.5093276878504577,1.0,0.9930064937003855
2023-04-14 00:00:00-04:00,48.46030807495117,112.0344009399414,-2.334601936874934,-1.1011281533955923,-1.1011281533955923,-1.1011281533955923,-1.1011281533955923,-2.367178669036969,1.0,0.9747525292622806
2023-04-17 00:00:00-04:00,48.58742141723633,112.55862426757812,-2.3276728438531076,-0.5369971181697508,-0.5369971181697508,-0.5369971181697508,-0.5369971181697508,-1.504341946546698,1.0,0.9772525089705841
2023-04-18 00:00:00-04:00,48.96876907348633,112.1827621459961,-2.319181904559474,-1.384720977784994,-1.384720977784994,-1.384720977784994,-1.384720977784994,-1.463579577208495,1.0,0.9734973686002948
2023-04-19 00:00:00-04:00,49.28166580200195,111.53985595703125,-2.3089685393981885,-2.2499599489268576,-2.2499599489268576,-2.2499599489268576,-2.2499599489268576,-1.4193896114589313,1.0,0.9696574882863166
2023-04-20 00:00:00-04:00,48.30385971069336,110.9167251586914,-2.3009762933854834,-0.22931091463219389,-0.22931091463219389,-0.22931091463219389,-0.22931091463219389,-0.39766057760384527,1.0,0.9787569384736601
2023-04-21 00:00:00-04:00,47.94206237792969,110.73869323730469,-2.2950717096159012,0.7082221730774165,0.7082221730774165,0.7082221730774165,0.7082221730774165,0.15125757929517114,0.0,0.983003605306303
2023-04-24 00:00:00-04:00,47.94206237792969,111.2728042602539,-2.290915493063677,1.4415907892295508,1.4415907892295508,1.4415907892295508,1.4415907892295508,0.750277669523178,0.0,0.983003605306303
2023-04-25 00:00:00-04:00,46.83714294433594,108.15716552734375,-2.286844920538899,1.047883092534775,1.047883092534775,1.047883092534775,1.047883092534775,0.5954613022483682,0.0,0.983003605306303
2023-04-26 00:00:00-04:00,45.82021713256836,107.26697540283203,-2.2848906015408916,2.5727919160636503,2.5727919160636503,2.5727919160636503,2.5727919160636503,1.6578704635564259,0.0,0.983003605306303
2023-04-27 00:00:00-04:00,45.98644256591797,109.62101745605469,-2.28628931824518,4.482705033500963,4.482705033500963,4.482705033500963,4.482705033500963,1.861561744723648,0.0,0.983003605306303
2023-04-28 00:00:00-04:00,46.53013610839844,111.10466003417969,-2.2890287917812,4.595838796557629,4.595838796557629,4.595838796557629,4.595838796557629,1.4209667132528887,0.0,0.983003605306303
2023-05-01 00:00:00-04:00,46.708072662353516,110.09577941894531,-2.2902250225474043,3.1237826526609354,3.1237826526609354,3.1237826526609354,3.1237826526609354,0.6293703979945006,0.0,0.983003605306303
2023-05-02 00:00:00-04:00,45.472408294677734,104.8931655883789,-2.2877792034488014,0.8623355610824177,0.8623355610824177,0.8623355610824177,0.8623355610824177,-0.701513747769427,0.0,0.983003605306303
2023-05-03 00:00:00-04:00,45.14619064331055,104.60633087158203,-2.2848545840213843,1.4538502291106,1.4538502291106,1.4538502291106,1.4538502291106,-0.5279576842821854,0.0,0.983003605306303
2023-05-04 00:00:00-04:00,44.38502883911133,104.51730346679688,-2.284066810481609,3.138932213113634,3.138932213113634,3.138932213113634,3.138932213113634,0.4328278681660809,0.0,0.983003605306303
2023-05-05 00:00:00-04:00,45.78873825073242,106.29767608642578,-2.2821931513059948,1.7989312436614142,1.7989312436614142,1.7989312436614142,1.7989312436614142,-0.5503327262523728,0.0,0.983003605306303
2023-05-08 00:00:00-04:00,45.82828140258789,105.17999267578125,-2.2785015326411266,0.7601832616759054,0.7601832616759054,0.7601832616759054,0.7601832616759054,-1.237149256060939,0.0,0.983003605306303
2023-05-09 00:00:00-04:00,45.986446380615234,104.01287078857422,-2.2724390603871507,-0.4885262151351526,-0.4885262151351526,-0.4885262151351526,-0.4885262151351526,-1.5319387774965911,0.0,0.983003605306303
2023-05-10 00:00:00-04:00,45.838165283203125,104.69534301757812,-2.267261432194842,0.7682387483991135,0.7682387483991135,0.7682387483991135,0.7682387483991135,-0.6436371150253196,0.0,0.983003605306303
2023-05-11 00:00:00-04:00,45.5020637512207,104.8931655883789,-2.2639300989594915,1.8796738972167333,1.8796738972167333,1.8796738972167333,1.8796738972167333,0.343023265871601,0.0,0.983003605306303
2023-05-12 00:00:00-04:00,44.92871856689453,104.1612319946289,-2.2621470027542707,2.5258659509382824,2.5258659509382824,2.5258659509382824,2.5258659509382824,1.0313829562102836,0.0,0.983003605306303
2023-05-15 00:00:00-04:00,45.52183532714844,105.13054656982422,-2.2605034883077195,2.228279018635604,2.228279018635604,2.228279018635604,2.228279018635604,0.61046783586831,0.0,0.983003605306303
2023-05-16 00:00:00-04:00,44.76066589355469,102.96443176269531,-2.2584247852781183,1.8758345031384778,1.8758345031384778,1.8758345031384778,1.8758345031384778,0.24328548307960907,0.0,0.983003605306303
2023-05-17 00:00:00-04:00,46.54002380371094,104.2898178100586,-2.2528174387812223,-0.5563594162345993,-0.5563594162345993,-0.5563594162345993,-0.5563594162345993,-1.5390343693118476,0.0,0.983003605306303
2023-05-18 00:00:00-04:00,45.85793685913086,106.51527404785156,-2.2512510700993262,3.277544621185882,3.277544621185882,3.277544621185882,3.277544621185882,1.4404980594557262,0.0,0.983003605306303
2023-05-19 00:00:00-04:00,45.185733795166016,105.44705200195312,-2.251719003261588,3.7014765390584614,3.7014765390584614,3.7014765390584614,3.7014765390584614,1.3309984496071048,0.0,0.983003605306303
2023-05-22 00:00:00-04:00,45.26482009887695,105.6745376586914,-2.252911136002648,3.696920388775041,3.696920388775041,3.696920388775041,3.696920388775041,1.1039796920710765,0.0,0.983003605306303
2023-05-23 00:00:00-04:00,45.38344192504883,104.86348724365234,-2.2528761817738148,2.620211883794667,2.620211883794667,2.620211883794667,2.620211883794667,0.19941712737087852,0.0,0.983003605306303
2023-05-24 00:00:00-04:00,43.97972869873047,102.66770935058594,-2.2536857907839547,3.5512196997237737,3.5512196997237737,3.5512196997237737,3.5512196997237737,0.7490321523128157,0.0,0.983003605306303
2023-05-25 00:00:00-04:00,43.72270965576172,102.95453643798828,-2.2558667386705356,4.321930001006365,4.321930001006365,4.321930001006365,4.321930001006365,1.075222740299611,0.0,0.983003605306303
2023-05-26 00:00:00-04:00,44.08846664428711,105.46683502197266,-2.260598654415236,5.800506650666193,5.800506650666193,5.800506650666193,5.800506650666193,1.5086111190287732,0.0,0.983003605306303
2023-05-30 00:00:00-04:00,44.187320709228516,107.54393005371094,-2.268360653301407,7.311150382086552,7.311150382086552,7.311150382086552,7.311150382086552,1.6504814139611121,0.0,0.983003605306303
2023-05-31 00:00:00-04:00,43.811676025390625,105.99105834960938,-2.2758054748790237,6.28420618739932,6.28420618739932,6.28420618739932,6.28420618739932,1.1233105131112906,0.0,0.983003605306303
2023-06-01 00:00:00-04:00,44.325714111328125,107.19773864746094,-2.282774129798536,6.012145189275202,6.012145189275202,6.012145189275202,6.012145189275202,0.7607406014592001,0.0,0.983003605306303
2023-06-02 00:00:00-04:00,45.78873825073242,109.71003723144531,-2.288091700410732,4.941205267665026,4.941205267665026,4.941205267665026,4.941205267665026,-0.005008306950362381,0.0,0.983003605306303
2023-06-05 00:00:00-04:00,45.709659576416016,109.0869140625,-2.2919347224187794,4.323358129370064,4.323358129370064,4.323358129370064,4.323358129370064,-0.47217372514848865,0.0,0.983003605306303
2023-06-06 00:00:00-04:00,46.67841720581055,110.79803466796875,-2.294371808185986,3.700390180213361,3.700390180213361,3.700390180213361,3.700390180213361,-1.1198580360050658,0.0,0.983003605306303
2023-06-07 00:00:00-04:00,47.459354400634766,111.82669067382812,-2.2951761424843418,2.8991127157819534,2.8991127157819534,2.8991127157819534,2.8991127157819534,-1.5497332551933771,0.0,0.983003605306303
2023-06-08 00:00:00-04:00,47.54832077026367,112.62786102294922,-2.296151756237685,3.4497007801554957,3.4497007801554957,3.4497007801554957,3.4497007801554957,-1.023942150447051,0.0,0.983003605306303
2023-06-09 00:00:00-04:00,47.746028900146484,113.2213134765625,-2.297304004874364,3.5341700674088514,3.5341700674088514,3.5341700674088514,3.5341700674088514,-0.7798653694650413,0.0,0.983003605306303
2023-06-12 00:00:00-04:00,47.894309997558594,109.452880859375,-2.2931010806893806,-0.37361315489881974,-0.37361315489881974,-0.37361315489881974,-0.37361315489881974,-2.1510607202237626,1.0,0.983003605306303
2023-06-13 00:00:00-04:00,48.131553649902344,110.6199951171875,-2.288180261400167,0.4863241049578022,0.4863241049578022,0.4863241049578022,0.4863241049578022,-1.348678937357018,1.0,0.9868990661379817
2023-06-14 00:00:00-04:00,47.68671798706055,111.13999938964844,-2.285329095104495,2.1601553237761237,2.1601553237761237,2.1601553237761237,2.1601553237761237,-0.36044535244042597,1.0,0.9945032475354509
2023-06-15 00:00:00-04:00,48.003047943115234,114.69000244140625,-2.2870030654238236,4.906884645814941,4.906884645814941,4.906884645814941,4.906884645814941,1.2142651754320162,0.0,1.0067395870986862
2023-06-16 00:00:00-04:00,47.637290954589844,114.18000030517578,-2.2904972176769998,5.066917916018042,5.066917916018042,5.066917916018042,5.066917916018042,1.192545883859326,0.0,1.0067395870986862
2023-06-20 00:00:00-04:00,47.06394577026367,112.44999694824219,-2.2938396393551135,4.492852555951941,4.492852555951941,4.492852555951941,4.492852555951941,0.805780510242442,0.0,1.0067395870986862
2023-06-21 00:00:00-04:00,46.86623764038086,110.23999786376953,-2.294663716748996,2.6977428098514906,2.6977428098514906,2.6977428098514906,2.6977428098514906,-0.12479136579172904,0.0,1.0067395870986862
2023-06-22 00:00:00-04:00,46.095184326171875,106.55999755859375,-2.292139258697079,0.9034159276969262,0.9034159276969262,0.9034159276969262,0.9034159276969262,-0.8715551893522183,0.0,1.0067395870986862
2023-06-23 00:00:00-04:00,45.49217987060547,106.33000183105469,-2.290136004985081,2.1467227641235525,2.1467227641235525,2.1467227641235525,2.1467227641235525,-0.17734473712785298,0.0,1.0067395870986862
2023-06-26 00:00:00-04:00,45.709659576416016,107.0199966430664,-2.288668734103327,2.4057279240163467,2.4057279240163467,2.4057279240163467,2.4057279240163467,-0.2400795057897423,0.0,1.0067395870986862
2023-06-27 00:00:00-04:00,45.86782455444336,109.2300033569336,-2.289853329058048,4.199412604290998,4.199412604290998,4.199412604290998,4.199412604290998,0.6638564822938724,0.0,1.0067395870986862
2023-06-28 00:00:00-04:00,45.699771881103516,110.44999694824219,-2.2939296220637697,5.617936508621909,5.617936508621909,5.617936508621909,5.617936508621909,1.2515258068246795,0.0,1.0067395870986862
2023-06-29 00:00:00-04:00,45.75908279418945,111.18000030517578,-2.299504204885433,5.956797008236478,5.956797008236478,5.956797008236478,5.956797008236478,1.2795888788673635,0.0,1.0067395870986862
2023-06-30 00:00:00-04:00,45.5119514465332,112.0199966430664,-2.3070772439848275,7.0204091314273,7.0204091314273,7.0204091314273,7.0204091314273,1.5159218897495166,0.0,1.0067395870986862
2023-07-03 00:00:00-04:00,46.203922271728516,113.26000213623047,-2.3144185948925773,6.324785273570697,6.324785273570697,6.324785273570697,6.324785273570697,1.0005376324109372,0.0,1.0067395870986862
2023-07-05 00:00:00-04:00,46.26323318481445,111.91000366210938,-2.3193146977350403,4.611006971825759,4.611006971825759,4.611006971825759,4.611006971825759,0.12143933052058377,0.0,1.0067395870986862
2023-07-06 00:00:00-04:00,44.859519958496094,109.80999755859375,-2.3245950671084605,5.529778750220203,5.529778750220203,5.529778750220203,5.529778750220203,0.39092048836050475,0.0,1.0067395870986862
2023-07-07 00:00:00-04:00,45.21539306640625,110.2300033569336,-2.329179533348011,4.915235234374592,4.915235234374592,4.915235234374592,4.915235234374592,-0.19234645406583853,0.0,1.0067395870986862
2023-07-10 00:00:00-04:00,45.14619064331055,113.04000091552734,-2.3371208046874075,7.527899510662294,7.527899510662294,7.527899510662294,7.527899510662294,1.6267033313128187,0.0,1.0067395870986862
2023-07-11 00:00:00-04:00,45.99633026123047,114.9000015258789,-2.345570751585122,7.012354584887063,7.012354584887063,7.012354584887063,7.012354584887063,0.9579118895970683,0.0,1.0067395870986862
2023-07-12 00:00:00-04:00,46.83658218383789,116.4800033569336,-2.353175048322349,6.26532681322719,6.26532681322719,6.26532681322719,6.26532681322719,0.1381707817084416,0.0,1.0067395870986862
2023-07-13 00:00:00-04:00,47.133140563964844,118.69000244140625,-2.3619828210797347,7.362334125784898,7.362334125784898,7.362334125784898,7.362334125784898,1.0138156287813713,0.0,1.0067395870986862
2023-07-14 00:00:00-04:00,45.225276947021484,116.4800033569336,-2.3736253853458003,9.132137936189181,9.132137936189181,9.132137936189181,9.132137936189181,1.8415857307816055,0.0,1.0067395870986862
2023-07-17 00:00:00-04:00,45.729427337646484,117.87000274658203,-2.385805168444225,8.768498654430402,8.768498654430402,8.768498654430402,8.768498654430402,1.236523937202092,0.0,1.0067395870986862
2023-07-18 00:00:00-04:00,46.480709075927734,119.70999908447266,-2.397505767835315,8.27223098186063,8.27223098186063,8.27223098186063,8.27223098186063,0.7500840651260258,0.0,1.0067395870986862
2023-07-19 00:00:00-04:00,46.9749755859375,121.2699966430664,-2.4088145281770084,8.115992990899883,8.115992990899883,8.115992990899883,8.115992990899883,0.4814111263277061,0.0,1.0067395870986862
2023-07-20 00:00:00-04:00,46.86623764038086,120.25,-2.41830594516554,6.9130988867259475,6.9130988867259475,6.9130988867259475,6.9130988867259475,-0.8503433260250848,0.0,1.0067395870986862
2023-07-21 00:00:00-04:00,46.5103645324707,119.69999694824219,-2.4270070372538743,6.819014922692787,6.819014922692787,6.819014922692787,6.819014922692787,-0.826237581725105,0.0,1.0067395870986862
2023-07-24 00:00:00-04:00,47.11336898803711,120.69000244140625,-2.434303161966407,6.001779342937468,6.001779342937468,6.001779342937468,6.001779342937468,-1.365798326049656,0.0,1.0067395870986862
2023-07-25 00:00:00-04:00,46.54990768432617,119.37000274658203,-2.440743006668776,5.753641104985803,5.753641104985803,5.753641104985803,5.753641104985803,-1.4320889723960677,0.0,1.0067395870986862
2023-07-26 00:00:00-04:00,46.94532012939453,118.80000305175781,-2.444522245171372,4.041123688761488,4.041123688761488,4.041123688761488,4.041123688761488,-1.8471035599224335,0.0,1.0067395870986862
2023-07-27 00:00:00-04:00,47.330848693847656,117.11000061035156,-2.4437772929701604,1.4439473153202869,1.4439473153202869,1.4439473153202869,1.4439473153202869,-2.068147390274361,1.0,1.0067395870986862
2023-07-28 00:00:00-04:00,46.86623764038086,126.79000091552734,-2.455540432127849,11.708059487860055,11.708059487860055,11.708059487860055,11.708059487860055,1.7976517176160065,0.0,1.049175729435427
2023-07-31 00:00:00-04:00,47.11336898803711,123.26000213623047,-2.4654093103654704,7.106263590439966,7.106263590439966,7.106263590439966,7.106263590439966,0.24015754182510915,0.0,1.049175729435427
2023-08-01 00:00:00-04:00,46.53013610839844,121.08999633789062,-2.473096544299959,6.016477522403719,6.016477522403719,6.016477522403719,6.016477522403719,-0.06737341506244178,0.0,1.049175729435427
2023-08-02 00:00:00-04:00,45.77885437011719,118.52999877929688,-2.4786934741321294,5.058251198842285,5.058251198842285,5.058251198842285,5.058251198842285,-0.3417370528024196,0.0,1.049175729435427
2023-08-03 00:00:00-04:00,45.68000030517578,117.0199966430664,-2.48163622973499,3.6588529114367816,3.6588529114367816,3.6588529114367816,3.6588529114367816,-0.7032987292476477,0.0,1.049175729435427
2023-08-04 00:00:00-04:00,45.709999084472656,115.55999755859375,-2.481538550848596,2.128872671220819,2.128872671220819,2.128872671220819,2.128872671220819,-1.012370704810658,0.0,1.049175729435427
2023-08-07 00:00:00-04:00,45.904998779296875,117.30000305175781,-2.4820538190050354,3.3613255201825183,3.3613255201825183,3.3613255201825183,3.3613255201825183,-0.51198710478215,0.0,1.049175729435427
